stage_id,background_id
101001,102
101002,104
101003,102
101004,102
101005,102
101006,102
101007,103
101008,103
101009,103
101010,103
102001,201
102002,201
102003,201
102004,201
102005,201
102006,202
102007,202
102008,202
102009,202
102010,202
102011,203
102012,203
102013,203
102014,203
102015,203
103001,301
103002,301
103003,301
103004,301
103005,301
103006,301
103007,301
103008,302
103009,302
103010,302
103011,302
103012,302
103013,302
103014,302
103015,303
103016,303
103017,303
103018,303
103019,303
103020,303
104001,401
104002,401
104003,401
104004,401
104005,401
104006,401
104007,401
104008,402
104009,402
104010,402
104011,402
104012,402
104013,402
104014,402
104015,402
104016,402
104017,402
104018,402
104019,403
104020,403
104021,403
104022,403
104023,403
104024,403
104025,403
105001,501
105002,501
105003,501
105004,501
105005,501
105006,501
105007,501
105008,501
105009,501
105010,501
105011,502
105012,502
105013,502
105014,502
105015,502
105016,502
105017,502
105018,502
105019,502
105020,502
105021,503
105022,503
105023,503
105024,503
105025,503
105026,503
105027,503
105028,503
105029,503
105030,503
201001,101
201002,101
201003,101
201004,102
201005,102
201006,102
201007,103
201008,103
201009,103
201010,103
201011,104
201012,104
201013,104
201014,104
201015,104
202001,201
202002,201
202003,202
202004,202
202005,203
202006,203
202007,204
202008,204
202009,204
202010,204
202011,203
202012,203
202013,203
202014,202
202015,202
202016,202
202017,201
202018,201
202019,201
202020,201
203001,301
,302
,303
203002,301
,302
,303
203003,301
,302
,303
203004,301
,302
,303
203005,301
,302
,303
203006,301
,302
,303
203007,301
,302
,303
203008,301
,302
,303
203009,301
,302
,303
203010,301
,302
,303
203011,301
,302
,303
203012,301
,302
,303
203013,301
,302
,303
203014,301
,302
,303
203015,301
,302
,303
203016,301
,302
,303
203017,301
,302
,303
203018,301
,302
,303
203019,301
,302
,303
203020,301
,302
,303
203021,304
203022,304
203023,304
203024,304
203025,304
204001,401
,402
,403
204002,401
,402
,403
204003,401
,402
,403
204004,401
,402
,403
204005,401
,402
,403
204006,401
,402
,403
204007,401
,402
,403
204008,401
,402
,403
204009,401
,402
,403
204010,401
,402
,403
204011,401
,402
,403
204012,401
,402
,403
204013,401
,402
,403
204014,401
,402
,403
204015,401
,402
,403
204016,401
,402
,403
204017,401
,402
,403
204018,401
,402
,403
204019,401
,402
,403
204020,401
,402
,403
204021,404
204022,404
204023,404
204024,404
204025,404
204026,404
204027,404
204028,404
204029,404
204030,404
205001,501
,502
,503
205002,501
,502
,503
205003,501
,502
,503
205004,501
,502
,503
205005,501
,502
,503
205006,501
,502
,503
205007,501
,502
,503
205008,501
,502
,503
205009,501
,502
,503
205010,501
,502
,503
205011,501
,502
,503
205012,501
,502
,503
205013,501
,502
,503
205014,501
,502
,503
205015,501
,502
,503
205016,501
,502
,503
205017,501
,502
,503
205018,501
,502
,503
205019,501
,502
,503
205020,501
,502
,503
205021,501
,502
,503
205022,501
,502
,503
205023,501
,502
,503
205024,501
,502
,503
205025,504
205026,504
205027,504
205028,504
205029,504
205030,504
205031,504
205032,504
205033,504
205034,504
205035,504
206001,601
206002,601
206003,601
206004,601
206005,601
206006,601
206007,601
206008,601
206009,602
206010,602
206011,602
206012,602
206013,602
206014,602
206015,602
206016,602
206017,603
206018,603
206019,603
206020,603
206021,603
206022,603
206023,603
206024,603
206025,603
206026,603
206027,603
206028,603
206029,603
206030,603
206031,603
206032,603
206033,603
206034,603
206035,603
301001,101
,102
,103
,104
301002,101
,102
,103
,104
301003,101
,102
,103
,104
301004,101
,102
,103
,104
301005,101
,102
,103
,104
301006,101
,102
,103
,104
301007,101
,102
,103
,104
301008,101
,102
,103
,104
301009,101
,102
,103
,104
301010,101
,102
,103
,104
301011,101
,102
,103
,104
301012,101
,102
,103
,104
301013,101
,102
,103
,104
301014,101
,102
,103
,104
301015,101
,102
,103
,104
301016,101
,102
,103
,104
301017,101
,102
,103
,104
301018,101
,102
,103
,104
301019,101
,102
,103
,104
301020,101
,102
,103
,104
302001,201
,202
,203
,204
302002,201
,202
,203
,204
302003,201
,202
,203
,204
302004,201
,202
,203
,204
302005,201
,202
,203
,204
302006,201
,202
,203
,204
302007,201
,202
,203
,204
302008,201
,202
,203
,204
302009,201
,202
,203
,204
302010,201
,202
,203
,204
302011,201
,202
,203
,204
302012,201
,202
,203
,204
302013,201
,202
,203
,204
302014,201
,202
,203
,204
302015,201
,202
,203
,204
302016,201
,202
,203
,204
302017,201
,202
,203
,204
302018,201
,202
,203
,204
302019,201
,202
,203
,204
302020,201
,202
,203
,204
302021,201
,202
,203
,204
302022,201
,202
,203
,204
302023,201
,202
,203
,204
302024,201
,202
,203
,204
302025,201
,202
,203
,204
303001,301
,302
,303
,304
303002,301
,302
,303
,304
303003,301
,302
,303
,304
303004,301
,302
,303
,304
303005,301
,302
,303
,304
303006,301
,302
,303
,304
303007,301
,302
,303
,304
303008,301
,302
,303
,304
303009,301
,302
,303
,304
303010,301
,302
,303
,304
303011,301
,302
,303
,304
303012,301
,302
,303
,304
303013,301
,302
,303
,304
303014,301
,302
,303
,304
303015,301
,302
,303
,304
303016,301
,302
,303
,304
303017,301
,302
,303
,304
303018,301
,302
,303
,304
303019,301
,302
,303
,304
303020,301
,302
,303
,304
303021,301
,302
,303
,304
303022,301
,302
,303
,304
303023,301
,302
,303
,304
303024,301
,302
,303
,304
303025,301
,302
,303
,304
303026,301
,302
,303
,304
303027,301
,302
,303
,304
303028,301
,302
,303
,304
303029,301
,302
,303
,304
303030,301
,302
,303
,304
304001,401
,402
,403
,404
304002,401
,402
,403
,404
304003,401
,402
,403
,404
304004,401
,402
,403
,404
304005,401
,402
,403
,404
304006,401
,402
,403
,404
304007,401
,402
,403
,404
304008,401
,402
,403
,404
304009,401
,402
,403
,404
304010,401
,402
,403
,404
304011,401
,402
,403
,404
304012,401
,402
,403
,404
304013,401
,402
,403
,404
304014,401
,402
,403
,404
304015,401
,402
,403
,404
304016,401
,402
,403
,404
304017,401
,402
,403
,404
304018,401
,402
,403
,404
304019,401
,402
,403
,404
304020,401
,402
,403
,404
304021,401
,402
,403
,404
304022,401
,402
,403
,404
304023,401
,402
,403
,404
304024,401
,402
,403
,404
304025,401
,402
,403
,404
304026,401
,402
,403
,404
304027,401
,402
,403
,404
304028,401
,402
,403
,404
304029,401
,402
,403
,404
304030,401
,402
,403
,404
305001,501
,502
,503
,504
305002,501
,502
,503
,504
305003,501
,502
,503
,504
305004,501
,502
,503
,504
305005,501
,502
,503
,504
305006,501
,502
,503
,504
305007,501
,502
,503
,504
305008,501
,502
,503
,504
305009,501
,502
,503
,504
305010,501
,502
,503
,504
305011,501
,502
,503
,504
305012,501
,502
,503
,504
305013,501
,502
,503
,504
305014,501
,502
,503
,504
305015,501
,502
,503
,504
305016,501
,502
,503
,504
305017,501
,502
,503
,504
305018,501
,502
,503
,504
305019,501
,502
,503
,504
305020,501
,502
,503
,504
305021,501
,502
,503
,504
305022,501
,502
,503
,504
305023,501
,502
,503
,504
305024,501
,502
,503
,504
305025,501
,502
,503
,504
305026,501
,502
,503
,504
305027,501
,502
,503
,504
305028,501
,502
,503
,504
305029,501
,502
,503
,504
305030,501
,502
,503
,504
305031,501
,502
,503
,504
305032,501
,502
,503
,504
305033,501
,502
,503
,504
305034,501
,502
,503
,504
305035,501
,502
,503
,504
306001,601
,602
,603
,604
306002,601
,602
,603
,604
306003,601
,602
,603
,604
306004,601
,602
,603
,604
306005,601
,602
,603
,604
306006,601
,602
,603
,604
306007,601
,602
,603
,604
306008,601
,602
,603
,604
306009,601
,602
,603
,604
306010,601
,602
,603
,604
306011,601
,602
,603
,604
306012,601
,602
,603
,604
306013,601
,602
,603
,604
306014,601
,602
,603
,604
306015,601
,602
,603
,604
306016,601
,602
,603
,604
306017,601
,602
,603
,604
306018,601
,602
,603
,604
306019,601
,602
,603
,604
306020,601
,602
,603
,604
306021,601
,602
,603
,604
306022,601
,602
,603
,604
306023,601
,602
,603
,604
306024,601
,602
,603
,604
306025,601
,602
,603
,604
306026,601
,602
,603
,604
306027,601
,602
,603
,604
306028,601
,602
,603
,604
306029,601
,602
,603
,604
306030,601
,602
,603
,604
306031,601
,602
,603
,604
306032,601
,602
,603
,604
306033,601
,602
,603
,604
306034,601
,602
,603
,604
306035,601
,602
,603
,604
306036,601
,602
,603
,604
306037,601
,602
,603
,604
306038,601
,602
,603
,604
306039,601
,602
,603
,604
306040,601
,602
,603
,604
307001,701
,702
,703
,704
307002,701
,702
,703
,704
307003,701
,702
,703
,704
307004,701
,702
,703
,704
307005,701
,702
,703
,704
307006,701
,702
,703
,704
307007,701
,702
,703
,704
307008,701
,702
,703
,704
307009,701
,702
,703
,704
307010,701
,702
,703
,704
307011,701
,702
,703
,704
307012,701
,702
,703
,704
307013,701
,702
,703
,704
307014,701
,702
,703
,704
307015,701
,702
,703
,704
307016,701
,702
,703
,704
307017,701
,702
,703
,704
307018,701
,702
,703
,704
307019,701
,702
,703
,704
307020,701
,702
,703
,704
307021,701
,702
,703
,704
307022,701
,702
,703
,704
307023,701
,702
,703
,704
307024,701
,702
,703
,704
307025,701
,702
,703
,704
307026,701
,702
,703
,704
307027,701
,702
,703
,704
307028,701
,702
,703
,704
307029,701
,702
,703
,704
307030,701
,702
,703
,704
307031,701
,702
,703
,704
307032,701
,702
,703
,704
307033,701
,702
,703
,704
307034,701
,702
,703
,704
307035,701
,702
,703
,704
307036,701
,702
,703
,704
307037,701
,702
,703
,704
307038,701
,702
,703
,704
307039,701
,702
,703
,704
307040,701
,702
,703
,704
307041,701
,702
,703
,704
307042,701
,702
,703
,704
307043,701
,702
,703
,704
307044,701
,702
,703
,704
307045,701
,702
,703
,704
307036,701
,702
,703
,704
307037,701
,702
,703
,704
307038,701
,702
,703
,704
307039,701
,702
,703
,704
307040,701
,702
,703
,704
307041,701
,702
,703
,704
307042,701
,702
,703
,704
307043,701
,702
,703
,704
307044,701
,702
,703
,704
307045,701
,702
,703
,704
401001,101
,102
,103
,104
401002,101
,102
,103
,104
401003,101
,102
,103
,104
401004,101
,102
,103
,104
401005,101
,102
,103
,104
401006,101
,102
,103
,104
401007,101
,102
,103
,104
401008,101
,102
,103
,104
401009,101
,102
,103
,104
401010,101
,102
,103
,104
401011,101
,102
,103
,104
401012,101
,102
,103
,104
401013,101
,102
,103
,104
401014,101
,102
,103
,104
401015,101
,102
,103
,104
401016,101
,102
,103
,104
401017,101
,102
,103
,104
401018,101
,102
,103
,104
401019,101
,102
,103
,104
401020,101
,102
,103
,104
401021,101
,102
,103
,104
401022,101
,102
,103
,104
401023,101
,102
,103
,104
401024,101
,102
,103
,104
401025,101
,102
,103
,104
402001,201
,202
,203
,204
402002,201
,202
,203
,204
402003,201
,202
,203
,204
402004,201
,202
,203
,204
402005,201
,202
,203
,204
402006,201
,202
,203
,204
402007,201
,202
,203
,204
402008,201
,202
,203
,204
402009,201
,202
,203
,204
402010,201
,202
,203
,204
402011,201
,202
,203
,204
402012,201
,202
,203
,204
402013,201
,202
,203
,204
402014,201
,202
,203
,204
402015,201
,202
,203
,204
402016,201
,202
,203
,204
402017,201
,202
,203
,204
402018,201
,202
,203
,204
402019,201
,202
,203
,204
402020,201
,202
,203
,204
402021,201
,202
,203
,204
402022,201
,202
,203
,204
402023,201
,202
,203
,204
402024,201
,202
,203
,204
402025,201
,202
,203
,204
402026,201
,202
,203
,204
402027,201
,202
,203
,204
402028,201
,202
,203
,204
402029,201
,202
,203
,204
402030,201
,202
,203
,204
403001,301
,302
,303
,304
403002,301
,302
,303
,304
403003,301
,302
,303
,304
403004,301
,302
,303
,304
403005,301
,302
,303
,304
403006,301
,302
,303
,304
403007,301
,302
,303
,304
403008,301
,302
,303
,304
403009,301
,302
,303
,304
403010,301
,302
,303
,304
403011,301
,302
,303
,304
403012,301
,302
,303
,304
403013,301
,302
,303
,304
403014,301
,302
,303
,304
403015,301
,302
,303
,304
403016,301
,302
,303
,304
403017,301
,302
,303
,304
403018,301
,302
,303
,304
403019,301
,302
,303
,304
403020,301
,302
,303
,304
403021,301
,302
,303
,304
403022,301
,302
,303
,304
403023,301
,302
,303
,304
403024,301
,302
,303
,304
403025,301
,302
,303
,304
403026,301
,302
,303
,304
403027,301
,302
,303
,304
403028,301
,302
,303
,304
403029,301
,302
,303
,304
403030,301
,302
,303
,304
403031,301
,302
,303
,304
403032,301
,302
,303
,304
403033,301
,302
,303
,304
403034,301
,302
,303
,304
403035,301
,302
,303
,304
404001,401
,402
,403
,404
404002,401
,402
,403
,404
404003,401
,402
,403
,404
404004,401
,402
,403
,404
404005,401
,402
,403
,404
404006,401
,402
,403
,404
404007,401
,402
,403
,404
404008,401
,402
,403
,404
404009,401
,402
,403
,404
404010,401
,402
,403
,404
404011,401
,402
,403
,404
404012,401
,402
,403
,404
404013,401
,402
,403
,404
404014,401
,402
,403
,404
404015,401
,402
,403
,404
404016,401
,402
,403
,404
404017,401
,402
,403
,404
404018,401
,402
,403
,404
404019,401
,402
,403
,404
404020,401
,402
,403
,404
404021,401
,402
,403
,404
404022,401
,402
,403
,404
404023,401
,402
,403
,404
404024,401
,402
,403
,404
404025,401
,402
,403
,404
404026,401
,402
,403
,404
404027,401
,402
,403
,404
404028,401
,402
,403
,404
404029,401
,402
,403
,404
404030,401
,402
,403
,404
404031,401
,402
,403
,404
404032,401
,402
,403
,404
404033,401
,402
,403
,404
404034,401
,402
,403
,404
404035,401
,402
,403
,404
405001,501
,502
,503
,504
405002,501
,502
,503
,504
405003,501
,502
,503
,504
405004,501
,502
,503
,504
405005,501
,502
,503
,504
405006,501
,502
,503
,504
405007,501
,502
,503
,504
405008,501
,502
,503
,504
405009,501
,502
,503
,504
405010,501
,502
,503
,504
405011,501
,502
,503
,504
405012,501
,502
,503
,504
405013,501
,502
,503
,504
405014,501
,502
,503
,504
405015,501
,502
,503
,504
405016,501
,502
,503
,504
405017,501
,502
,503
,504
405018,501
,502
,503
,504
405019,501
,502
,503
,504
405020,501
,502
,503
,504
405021,501
,502
,503
,504
405022,501
,502
,503
,504
405023,501
,502
,503
,504
405024,501
,502
,503
,504
405025,501
,502
,503
,504
405026,501
,502
,503
,504
405027,501
,502
,503
,504
405028,501
,502
,503
,504
405029,501
,502
,503
,504
405030,501
,502
,503
,504
405031,501
,502
,503
,504
405032,501
,502
,503
,504
405033,501
,502
,503
,504
405034,501
,502
,503
,504
405035,501
,502
,503
,504
405036,501
,502
,503
,504
405037,501
,502
,503
,504
405038,501
,502
,503
,504
405039,501
,502
,503
,504
405040,501
,502
,503
,504
406001,601
,602
,603
,604
406002,601
,602
,603
,604
406003,601
,602
,603
,604
406004,601
,602
,603
,604
406005,601
,602
,603
,604
406006,601
,602
,603
,604
406007,601
,602
,603
,604
406008,601
,602
,603
,604
406009,601
,602
,603
,604
406010,601
,602
,603
,604
406011,601
,602
,603
,604
406012,601
,602
,603
,604
406013,601
,602
,603
,604
406014,601
,602
,603
,604
406015,601
,602
,603
,604
406016,601
,602
,603
,604
406017,601
,602
,603
,604
406018,601
,602
,603
,604
406019,601
,602
,603
,604
406020,601
,602
,603
,604
406021,601
,602
,603
,604
406022,601
,602
,603
,604
406023,601
,602
,603
,604
406024,601
,602
,603
,604
406025,601
,602
,603
,604
406026,601
,602
,603
,604
406027,601
,602
,603
,604
406028,601
,602
,603
,604
406029,601
,602
,603
,604
406030,601
,602
,603
,604
406031,601
,602
,603
,604
406032,601
,602
,603
,604
406033,601
,602
,603
,604
406034,601
,602
,603
,604
406035,601
,602
,603
,604
406036,601
,602
,603
,604
406037,601
,602
,603
,604
406038,601
,602
,603
,604
406039,601
,602
,603
,604
406040,601
,602
,603
,604
406041,601
,602
,603
,604
406042,601
,602
,603
,604
406043,601
,602
,603
,604
406044,601
,602
,603
,604
406045,601
,602
,603
,604
406046,601
,602
,603
,604
406047,601
,602
,603
,604
406048,601
,602
,603
,604
406049,601
,602
,603
,604
406050,601
,602
,603
,604
407001,701
,702
,703
,704
407002,701
,702
,703
,704
407003,701
,702
,703
,704
407004,701
,702
,703
,704
407005,701
,702
,703
,704
407006,701
,702
,703
,704
407007,701
,702
,703
,704
407008,701
,702
,703
,704
407009,701
,702
,703
,704
407010,701
,702
,703
,704
407011,701
,702
,703
,704
407012,701
,702
,703
,704
407013,701
,702
,703
,704
407014,701
,702
,703
,704
407015,701
,702
,703
,704
407016,701
,702
,703
,704
407017,701
,702
,703
,704
407018,701
,702
,703
,704
407019,701
,702
,703
,704
407020,701
,702
,703
,704
407021,701
,702
,703
,704
407022,701
,702
,703
,704
407023,701
,702
,703
,704
407024,701
,702
,703
,704
407025,701
,702
,703
,704
407026,701
,702
,703
,704
407027,701
,702
,703
,704
407028,701
,702
,703
,704
407029,701
,702
,703
,704
407030,701
,702
,703
,704
407031,701
,702
,703
,704
407032,701
,702
,703
,704
407033,701
,702
,703
,704
407034,701
,702
,703
,704
407035,701
,702
,703
,704
407036,701
,702
,703
,704
407037,701
,702
,703
,704
407038,701
,702
,703
,704
407039,701
,702
,703
,704
407040,701
,702
,703
,704
407041,701
,702
,703
,704
407042,701
,702
,703
,704
407043,701
,702
,703
,704
407044,701
,702
,703
,704
407045,701
,702
,703
,704
407046,701
,702
,703
,704
407047,701
,702
,703
,704
407048,701
,702
,703
,704
407049,701
,702
,703
,704
407050,701
,702
,703
,704
408001,801
,802
,803
,804
408002,801
,802
,803
,804
408003,801
,802
,803
,804
408004,801
,802
,803
,804
408005,801
,802
,803
,804
408006,801
,802
,803
,804
408007,801
,802
,803
,804
408008,801
,802
,803
,804
408009,801
,802
,803
,804
408010,801
,802
,803
,804
408011,801
,802
,803
,804
408012,801
,802
,803
,804
408013,801
,802
,803
,804
408014,801
,802
,803
,804
408015,801
,802
,803
,804
408016,801
,802
,803
,804
408017,801
,802
,803
,804
408018,801
,802
,803
,804
408019,801
,802
,803
,804
408020,801
,802
,803
,804
408021,801
,802
,803
,804
408022,801
,802
,803
,804
408023,801
,802
,803
,804
408024,801
,802
,803
,804
408025,801
,802
,803
,804
408026,801
,802
,803
,804
408027,801
,802
,803
,804
408028,801
,802
,803
,804
408029,801
,802
,803
,804
408030,801
,802
,803
,804
408031,801
,802
,803
,804
408032,801
,802
,803
,804
408033,801
,802
,803
,804
408034,801
,802
,803
,804
408035,801
,802
,803
,804
408036,801
,802
,803
,804
408037,801
,802
,803
,804
408038,801
,802
,803
,804
408039,801
,802
,803
,804
408040,801
,802
,803
,804
408041,801
,802
,803
,804
408042,801
,802
,803
,804
408043,801
,802
,803
,804
408044,801
,802
,803
,804
408045,801
,802
,803
,804
408046,801
,802
,803
,804
408047,801
,802
,803
,804
408048,801
,802
,803
,804
408049,801
,802
,803
,804
408050,801
,802
,803
,804
408051,801
,802
,803
,804
408052,801
,802
,803
,804
408053,801
,802
,803
,804
408054,801
,802
,803
,804
408055,801
,802
,803
,804
501001,101
,102
,103
,104
501002,101
,102
,103
,104
501003,101
,102
,103
,104
501004,101
,102
,103
,104
501005,101
,102
,103
,104
501006,101
,102
,103
,104
501007,101
,102
,103
,104
501008,101
,102
,103
,104
501009,101
,102
,103
,104
501010,101
,102
,103
,104
501011,101
,102
,103
,104
501012,101
,102
,103
,104
501013,101
,102
,103
,104
501014,101
,102
,103
,104
501015,101
,102
,103
,104
501016,101
,102
,103
,104
501017,101
,102
,103
,104
501018,101
,102
,103
,104
501019,101
,102
,103
,104
501020,101
,102
,103
,104
501021,101
,102
,103
,104
501022,101
,102
,103
,104
501023,101
,102
,103
,104
501024,101
,102
,103
,104
501025,101
,102
,103
,104
501026,101
,102
,103
,104
501027,101
,102
,103
,104
501028,101
,102
,103
,104
501029,101
,102
,103
,104
501030,101
,102
,103
,104
502001,201
,202
,203
,204
502002,201
,202
,203
,204
502003,201
,202
,203
,204
502004,201
,202
,203
,204
502005,201
,202
,203
,204
502006,201
,202
,203
,204
502007,201
,202
,203
,204
502008,201
,202
,203
,204
502009,201
,202
,203
,204
502010,201
,202
,203
,204
502011,201
,202
,203
,204
502012,201
,202
,203
,204
502013,201
,202
,203
,204
502014,201
,202
,203
,204
502015,201
,202
,203
,204
502016,201
,202
,203
,204
502017,201
,202
,203
,204
502018,201
,202
,203
,204
502019,201
,202
,203
,204
502020,201
,202
,203
,204
502021,201
,202
,203
,204
502022,201
,202
,203
,204
502023,201
,202
,203
,204
502024,201
,202
,203
,204
502025,201
,202
,203
,204
502026,201
,202
,203
,204
502027,201
,202
,203
,204
502028,201
,202
,203
,204
502029,201
,202
,203
,204
502030,201
,202
,203
,204
502031,201
,202
,203
,204
502032,201
,202
,203
,204
502033,201
,202
,203
,204
502034,201
,202
,203
,204
502035,201
,202
,203
,204
503001,301
,302
,303
,304
503002,301
,302
,303
,304
503003,301
,302
,303
,304
503004,301
,302
,303
,304
503005,301
,302
,303
,304
503006,301
,302
,303
,304
503007,301
,302
,303
,304
503008,301
,302
,303
,304
503009,301
,302
,303
,304
503010,301
,302
,303
,304
503011,301
,302
,303
,304
503012,301
,302
,303
,304
503013,301
,302
,303
,304
503014,301
,302
,303
,304
503015,301
,302
,303
,304
503016,301
,302
,303
,304
503017,301
,302
,303
,304
503018,301
,302
,303
,304
503019,301
,302
,303
,304
503020,301
,302
,303
,304
503021,301
,302
,303
,304
503022,301
,302
,303
,304
503023,301
,302
,303
,304
503024,301
,302
,303
,304
503025,301
,302
,303
,304
503026,301
,302
,303
,304
503027,301
,302
,303
,304
503028,301
,302
,303
,304
503029,301
,302
,303
,304
503030,301
,302
,303
,304
503031,301
,302
,303
,304
503032,301
,302
,303
,304
503033,301
,302
,303
,304
503034,301
,302
,303
,304
503035,301
,302
,303
,304
503036,301
,302
,303
,304
503037,301
,302
,303
,304
503038,301
,302
,303
,304
503039,301
,302
,303
,304
503040,301
,302
,303
,304
504001,401
,402
,403
,404
504002,401
,402
,403
,404
504003,401
,402
,403
,404
504004,401
,402
,403
,404
504005,401
,402
,403
,404
504006,401
,402
,403
,404
504007,401
,402
,403
,404
504008,401
,402
,403
,404
504009,401
,402
,403
,404
504010,401
,402
,403
,404
504011,401
,402
,403
,404
504012,401
,402
,403
,404
504013,401
,402
,403
,404
504014,401
,402
,403
,404
504015,401
,402
,403
,404
504016,401
,402
,403
,404
504017,401
,402
,403
,404
504018,401
,402
,403
,404
504019,401
,402
,403
,404
504020,401
,402
,403
,404
504021,401
,402
,403
,404
504022,401
,402
,403
,404
504023,401
,402
,403
,404
504024,401
,402
,403
,404
504025,401
,402
,403
,404
504026,401
,402
,403
,404
504027,401
,402
,403
,404
504028,401
,402
,403
,404
504029,401
,402
,403
,404
504030,401
,402
,403
,404
504031,401
,402
,403
,404
504032,401
,402
,403
,404
504033,401
,402
,403
,404
504034,401
,402
,403
,404
504035,401
,402
,403
,404
504036,401
,402
,403
,404
504037,401
,402
,403
,404
504038,401
,402
,403
,404
504039,401
,402
,403
,404
504040,401
,402
,403
,404
505001,501
,502
,503
,504
505002,501
,502
,503
,504
505003,501
,502
,503
,504
505004,501
,502
,503
,504
505005,501
,502
,503
,504
505006,501
,502
,503
,504
505007,501
,502
,503
,504
505008,501
,502
,503
,504
505009,501
,502
,503
,504
505010,501
,502
,503
,504
505011,501
,502
,503
,504
505012,501
,502
,503
,504
505013,501
,502
,503
,504
505014,501
,502
,503
,504
505015,501
,502
,503
,504
505016,501
,502
,503
,504
505017,501
,502
,503
,504
505018,501
,502
,503
,504
505019,501
,502
,503
,504
505020,501
,502
,503
,504
505021,501
,502
,503
,504
505022,501
,502
,503
,504
505023,501
,502
,503
,504
505024,501
,502
,503
,504
505025,501
,502
,503
,504
505026,501
,502
,503
,504
505027,501
,502
,503
,504
505028,501
,502
,503
,504
505029,501
,502
,503
,504
505030,501
,502
,503
,504
505031,501
,502
,503
,504
505032,501
,502
,503
,504
505033,501
,502
,503
,504
505034,501
,502
,503
,504
505035,501
,502
,503
,504
505036,501
,502
,503
,504
505037,501
,502
,503
,504
505038,501
,502
,503
,504
505039,501
,502
,503
,504
505040,501
,502
,503
,504
505041,501
,502
,503
,504
505042,501
,502
,503
,504
505043,501
,502
,503
,504
505044,501
,502
,503
,504
505045,501
,502
,503
,504
505046,501
,502
,503
,504
505047,501
,502
,503
,504
505048,501
,502
,503
,504
505049,501
,502
,503
,504
505050,501
,502
,503
,504
506001,601
,602
,603
,604
506002,601
,602
,603
,604
506003,601
,602
,603
,604
506004,601
,602
,603
,604
506005,601
,602
,603
,604
506006,601
,602
,603
,604
506007,601
,602
,603
,604
506008,601
,602
,603
,604
506009,601
,602
,603
,604
506010,601
,602
,603
,604
506011,601
,602
,603
,604
506012,601
,602
,603
,604
506013,601
,602
,603
,604
506014,601
,602
,603
,604
506015,601
,602
,603
,604
506016,601
,602
,603
,604
506017,601
,602
,603
,604
506018,601
,602
,603
,604
506019,601
,602
,603
,604
506020,601
,602
,603
,604
506021,601
,602
,603
,604
506022,601
,602
,603
,604
506023,601
,602
,603
,604
506024,601
,602
,603
,604
506025,601
,602
,603
,604
506026,601
,602
,603
,604
506027,601
,602
,603
,604
506028,601
,602
,603
,604
506029,601
,602
,603
,604
506030,601
,602
,603
,604
506031,601
,602
,603
,604
506032,601
,602
,603
,604
506033,601
,602
,603
,604
506034,601
,602
,603
,604
506035,601
,602
,603
,604
506036,601
,602
,603
,604
506037,601
,602
,603
,604
506038,601
,602
,603
,604
506039,601
,602
,603
,604
506040,601
,602
,603
,604
506041,601
,602
,603
,604
506042,601
,602
,603
,604
506043,601
,602
,603
,604
506044,601
,602
,603
,604
506045,601
,602
,603
,604
506046,601
,602
,603
,604
506047,601
,602
,603
,604
506048,601
,602
,603
,604
506049,601
,602
,603
,604
506050,601
,602
,603
,604
507001,701
,702
,703
,704
507002,701
,702
,703
,704
507003,701
,702
,703
,704
507004,701
,702
,703
,704
507005,701
,702
,703
,704
507006,701
,702
,703
,704
507007,701
,702
,703
,704
507008,701
,702
,703
,704
507009,701
,702
,703
,704
507010,701
,702
,703
,704
507011,701
,702
,703
,704
507012,701
,702
,703
,704
507013,701
,702
,703
,704
507014,701
,702
,703
,704
507015,701
,702
,703
,704
507016,701
,702
,703
,704
507017,701
,702
,703
,704
507018,701
,702
,703
,704
507019,701
,702
,703
,704
507020,701
,702
,703
,704
507021,701
,702
,703
,704
507022,701
,702
,703
,704
507023,701
,702
,703
,704
507024,701
,702
,703
,704
507025,701
,702
,703
,704
507026,701
,702
,703
,704
507027,701
,702
,703
,704
507028,701
,702
,703
,704
507029,701
,702
,703
,704
507030,701
,702
,703
,704
507031,701
,702
,703
,704
507032,701
,702
,703
,704
507033,701
,702
,703
,704
507034,701
,702
,703
,704
507035,701
,702
,703
,704
507036,701
,702
,703
,704
507037,701
,702
,703
,704
507038,701
,702
,703
,704
507039,701
,702
,703
,704
507040,701
,702
,703
,704
507041,701
,702
,703
,704
507042,701
,702
,703
,704
507043,701
,702
,703
,704
507044,701
,702
,703
,704
507045,701
,702
,703
,704
507046,701
,702
,703
,704
507047,701
,702
,703
,704
507048,701
,702
,703
,704
507049,701
,702
,703
,704
507050,701
,702
,703
,704
507051,701
,702
,703
,704
507052,701
,702
,703
,704
507053,701
,702
,703
,704
507054,701
,702
,703
,704
507055,701
,702
,703
,704
508001,801
,802
,803
,804
508002,801
,802
,803
,804
508003,801
,802
,803
,804
508004,801
,802
,803
,804
508005,801
,802
,803
,804
508006,801
,802
,803
,804
508007,801
,802
,803
,804
508008,801
,802
,803
,804
508009,801
,802
,803
,804
508010,801
,802
,803
,804
508011,801
,802
,803
,804
508012,801
,802
,803
,804
508013,801
,802
,803
,804
508014,801
,802
,803
,804
508015,801
,802
,803
,804
508016,801
,802
,803
,804
508017,801
,802
,803
,804
508018,801
,802
,803
,804
508019,801
,802
,803
,804
508020,801
,802
,803
,804
508021,801
,802
,803
,804
508022,801
,802
,803
,804
508023,801
,802
,803
,804
508024,801
,802
,803
,804
508025,801
,802
,803
,804
508026,801
,802
,803
,804
508027,801
,802
,803
,804
508028,801
,802
,803
,804
508029,801
,802
,803
,804
508030,801
,802
,803
,804
508031,801
,802
,803
,804
508032,801
,802
,803
,804
508033,801
,802
,803
,804
508034,801
,802
,803
,804
508035,801
,802
,803
,804
508036,801
,802
,803
,804
508037,801
,802
,803
,804
508038,801
,802
,803
,804
508039,801
,802
,803
,804
508040,801
,802
,803
,804
508041,801
,802
,803
,804
508042,801
,802
,803
,804
508043,801
,802
,803
,804
508044,801
,802
,803
,804
508045,801
,802
,803
,804
508046,801
,802
,803
,804
508047,801
,802
,803
,804
508048,801
,802
,803
,804
508049,801
,802
,803
,804
508050,801
,802
,803
,804
508051,801
,802
,803
,804
508052,801
,802
,803
,804
508053,801
,802
,803
,804
508054,801
,802
,803
,804
508055,801
,802
,803
,804
508056,801
,802
,803
,804
508057,801
,802
,803
,804
508058,801
,802
,803
,804
508059,801
,802
,803
,804
508060,801
,802
,803
,804
509001,902
,902
,904
,904
509002,902
,902
,904
,904
509003,902
,902
,904
,904
509004,902
,902
,904
,904
509005,902
,902
,904
,904
509006,902
,902
,904
,904
509007,902
,902
,904
,904
509008,902
,902
,904
,904
509009,902
,902
,904
,904
509020,902
,902
,904
,904
509021,902
,902
,904
,904
509022,902
,902
,904
,904
509023,902
,902
,904
,904
509024,902
,902
,904
,904
509025,902
,902
,904
,904
509026,902
,902
,904
,904
509027,902
,902
,904
,904
509028,902
,902
,904
,904
509029,902
,902
,904
,904
509020,902
,902
,904
,904
509021,902
,902
,904
,904
509022,902
,902
,904
,904
509023,902
,902
,904
,904
509024,902
,902
,904
,904
509025,902
,902
,904
,904
509026,902
,902
,904
,904
509027,902
,902
,904
,904
509028,902
,902
,904
,904
509029,902
,902
,904
,904
509040,902
,902
,904
,904
509041,902
,902
,904
,904
509042,902
,902
,904
,904
509043,902
,902
,904
,904
509044,902
,902
,904
,904
509045,902
,902
,904
,904
509046,902
,902
,904
,904
509047,902
,902
,904
,904
509048,902
,902
,904
,904
509049,902
,902
,904
,904
509040,902
,902
,904
,904
509041,902
,902
,904
,904
509042,902
,902
,904
,904
509043,902
,902
,904
,904
509044,902
,902
,904
,904
509045,902
,902
,904
,904
509046,902
,902
,904
,904
509047,902
,902
,904
,904
509048,902
,902
,904
,904
509049,902
,902
,904
,904
509050,902
,902
,904
,904
509051,902
,902
,904
,904
509052,902
,902
,904
,904
509053,902
,902
,904
,904
509054,902
,902
,904
,904
509055,902
,902
,904
,904
509056,902
,902
,904
,904
509057,902
,902
,904
,904
509058,902
,902
,904
,904
509059,902
,902
,904
,904
509060,902
,902
,904
,904
509061,902
,902
,904
,904
509062,902
,902
,904
,904
509063,902
,902
,904
,904
509064,902
,902
,904
,904
509065,902
,902
,904
,904
