id_team_level,summoner_level,hero_slot_1,hero_slot_2,hero_slot_3,hero_slot_4,hero_slot_5
30105,5,30,1,1,1,1
8080105,5,80,80,1,1,1
140150,50,140,1,1,1,1
1402150,50,140,140,1,1,1
140550,50,140,140,140,140,140
1403150,50,140,140,140,1,1
20105,5,20,1,1,1,1
50105,5,50,1,1,1,1
80105,5,80,1,1,1,1
100150,50,100,1,1,1,1
100131,31,100,1,1,1,1
1120115,5,1,1,20,1,1
1012010,10,10,1,20,1,1
2012015,15,20,1,20,1,1
3012016,16,30,1,20,1,1
4012017,17,40,1,20,1,1
5012020,20,50,1,20,1,1
6012020,20,60,1,20,1,1
7012020,20,70,1,20,1,1
8012020,20,80,1,20,1,1
8014025,25,80,1,40,1,1
8016025,25,80,1,60,1,1
1140010,10,1,1,40,1,1
1160015,15,1,1,60,1,1
1001420,20,100,1,1,1,1
2015137,7,20,1,15,1,1
1515137,7,15,1,15,1,1
1015137,7,10,1,15,1,1
515137,7,5,1,15,1,1
2515137,7,25,1,15,1,1
3015137,7,30,1,15,1,1
3515137,7,35,1,15,1,1
4015137,7,40,1,15,1,1
6015137,7,60,1,15,1,1
7015137,7,70,1,15,1,1
8015137,7,80,1,15,1,1
804020,20,80,1,40,1,1
806020,20,80,1,60,1,1
101001,1,1,1,1,1,1
101002,1,1,1,1,1,1
101003,1,1,1,1,5,1
101004,1,1,1,5,7,1
101005,1,1,7,10,1,7
101006,1,8,1,12,7,1
101007,1,1,1,10,12,10
101008,1,1,12,10,10,12
101009,1,10,10,12,10,12
101010,1,10,10,12,12,12
102001,1,15,15,15,15,15
102002,1,18,18,18,15,15
102003,1,18,18,18,18,20
102004,1,20,20,20,20,18
102005,1,22,20,20,20,20
102006,1,23,20,20,20,20
102007,1,20,20,20,24,24
102008,1,22,22,22,25,25
102009,1,27,27,24,24,24
102010,1,29,26,25,25,25
102011,1,30,30,25,25,25
102012,1,30,30,30,30,30
102013,1,32,32,30,30,30
102014,1,32,32,30,32,30
102015,1,32,32,35,35,35
103001,3,35,35,35,35,35
103002,3,36,35,35,35,35
103003,3,36,36,35,35,35
103004,3,36,36,35,36,36
103005,3,36,36,36,36,36
103006,3,37,36,36,36,36
103007,3,36,36,37,37,36
103008,3,36,37,37,37,36
103009,3,37,37,36,37,37
103010,3,37,37,37,37,37
103011,3,37,37,38,37,37
103012,3,38,37,38,37,37
103013,3,37,37,38,38,38
103014,3,38,38,38,38,37
103015,3,38,38,38,38,38
103016,3,38,38,38,38,39
103017,3,38,38,38,39,39
103018,3,38,38,39,39,39
103019,3,38,39,39,39,39
103020,3,39,39,39,39,39
104001,20,40,40,40,40,40
104002,20,40,40,40,40,40
104003,20,40,40,40,40,40
104004,20,40,40,40,40,69
104005,20,40,40,40,40,40
104006,20,42,42,69,49,69
104007,20,45,45,69,69,69
104008,20,49,49,49,30,30
104009,20,40,40,49,49,49
104010,20,45,40,40,40,40
104011,20,40,40,40,40,45
104012,20,58,49,49,45,45
104013,20,40,45,40,45,30
104014,20,45,45,49,58,49
104015,20,45,30,45,40,45
104016,20,49,49,92,48,69
104017,20,49,49,68,45,45
104018,20,45,92,49,49,69
104019,20,49,68,49,31,49
104020,20,35,40,38,38,40
104021,20,49,68,40,40,20
104022,20,40,81,40,40,69
104023,20,40,45,68,40,49
104024,20,45,40,40,45,49
104025,20,50,45,45,45,50
105001,20,50,50,50,50,50
105002,20,66,66,50,69,50
105003,20,92,92,50,49,20
105004,20,66,66,79,69,98
105005,20,55,50,50,50,50
105006,20,50,50,50,49,55
105007,20,68,68,55,49,55
105008,20,50,50,58,50,49
105009,20,50,55,30,55,60
105010,20,50,50,68,55,55
105011,20,68,68,68,55,50
105012,20,68,55,55,55,55
105013,20,55,55,55,55,55
105014,20,68,68,68,26,50
105015,20,55,55,68,58,60
105016,20,68,68,40,57,58
105017,20,68,68,59,58,60
105018,20,68,68,68,60,60
105019,20,60,60,68,33,60
105020,20,68,60,68,60,60
105021,20,68,68,68,60,20
105022,20,60,60,60,60,26
105023,20,68,68,60,68,60
105024,20,60,60,60,68,60
105025,20,60,60,60,68,58
105026,20,60,60,60,68,58
105027,20,60,68,40,68,30
105028,20,60,60,60,60,60
105029,20,60,60,60,60,60
105030,20,60,60,60,60,60
201001,30,69,68,68,41,41
201002,30,69,69,68,68,68
201003,30,42,42,69,68,68
201004,30,69,69,69,42,41
201005,30,69,69,42,69,42
201006,30,43,69,69,69,69
201007,30,70,43,69,42,42
201008,30,70,43,70,42,11
201009,30,43,70,43,43,42
201010,30,43,43,70,70,43
201011,30,43,43,43,70,70
201012,30,71,71,70,70,43
201013,30,13,13,71,70,70
201014,30,71,71,71,13,43
201015,30,13,71,43,43,43
202001,30,44,43,43,43,43
202002,30,44,44,43,43,13
202003,30,72,44,44,43,43
202004,30,72,72,44,44,43
202005,30,44,44,44,14,14
202006,30,74,72,44,44,44
202007,30,74,74,44,72,44
202008,30,16,16,46,14,44
202009,30,46,46,46,46,44
202010,30,46,46,46,46,46
202011,30,76,74,74,46,46
202012,30,48,48,74,16,74
202013,30,48,19,48,46,46
202014,30,48,48,48,48,46
202015,30,48,84,84,48,48
202016,30,50,19,76,48,76
202017,30,50,50,48,48,48
202018,30,21,50,21,19,48
202019,30,50,50,50,50,48
202020,30,50,50,78,21,21
203001,30,51,50,50,50,21
203002,30,51,51,50,78,78
203003,30,51,23,80,78,21
203004,30,23,51,51,51,50
203005,30,51,23,23,23,23
203006,30,82,80,80,51,51
203007,30,82,82,80,80,80
203008,30,54,54,82,80,80
203009,30,82,82,82,54,51
203010,30,82,82,54,82,54
203011,30,56,82,82,82,82
203012,30,84,56,82,54,54
203013,30,84,56,84,54,25
203014,30,56,84,56,56,54
203015,30,56,56,84,84,56
203016,30,58,56,56,84,84
203017,30,86,86,84,84,56
203018,30,31,31,86,84,84
203019,30,86,86,86,31,56
203020,30,31,86,58,58,58
203021,30,61,58,58,58,58
203022,30,61,61,58,58,31
203023,30,88,61,61,58,58
203024,30,88,88,61,61,58
203025,30,61,61,61,33,33
204001,30,90,88,61,61,61
204002,30,90,90,61,88,61
204003,30,35,35,63,33,61
204004,30,63,63,63,63,61
204005,30,63,63,63,63,63
204006,30,92,90,90,63,63
204007,30,65,65,90,35,90
204008,30,65,37,65,63,63
204009,30,65,65,65,65,63
204010,30,65,65,65,65,65
204011,30,67,37,92,65,92
204012,30,67,67,65,65,65
204013,30,39,67,39,37,65
204014,30,67,67,67,67,65
204015,30,67,67,94,39,39
204016,30,69,67,67,67,39
204017,30,69,69,67,94,94
204018,30,69,41,96,94,39
204019,30,41,69,69,69,67
204020,30,69,41,41,41,41
204021,30,98,96,96,69,69
204022,30,98,98,96,96,96
204023,30,71,71,98,96,96
204024,30,98,98,98,71,69
204025,30,98,98,71,98,71
204026,30,73,98,98,98,98
204027,30,100,73,98,71,71
204028,30,100,73,100,71,43
204029,30,73,100,73,73,71
204030,30,73,73,100,100,73
205001,30,76,73,73,100,100
205002,30,102,102,100,100,73
205003,30,47,47,102,100,100
205004,30,102,102,102,47,73
205005,30,47,102,76,76,76
205006,30,79,76,76,76,76
205007,30,79,79,76,76,47
205008,30,104,79,79,76,76
205009,30,104,104,79,79,76
205010,30,79,79,79,50,50
205011,30,106,104,79,79,79
205012,30,106,106,79,104,79
205013,30,52,52,81,50,79
205014,30,81,81,81,81,79
205015,30,81,81,81,81,81
205016,30,108,106,106,81,81
205017,30,78,83,106,52,106
205018,30,78,54,83,81,81
205019,30,78,83,83,83,81
205020,30,78,83,83,83,83
205021,30,81,54,108,83,108
205022,30,81,85,83,83,83
205023,30,44,85,57,54,83
205024,30,81,85,85,85,83
205025,30,81,85,110,57,57
205026,30,82,85,85,85,57
205027,30,82,82,85,110,110
205028,30,82,46,112,110,57
205029,30,46,82,87,87,85
205030,30,82,46,59,59,59
205031,30,114,112,112,87,87
205032,30,114,114,112,112,112
205033,30,84,84,114,112,112
205034,30,114,114,114,89,87
205035,30,114,114,89,114,89
206001,30,86,114,114,114,114
206002,30,116,86,114,89,89
206003,30,116,86,116,89,61
206004,30,86,116,86,91,89
206005,30,86,86,116,116,91
206006,30,88,86,86,116,116
206007,30,118,118,116,116,91
206008,30,53,53,118,116,116
206009,30,118,118,118,65,91
206010,30,53,118,88,93,93
206011,30,90,88,88,93,93
206012,30,90,90,88,93,65
206013,30,120,90,90,93,93
206014,30,120,120,90,90,93
206015,30,90,90,90,56,67
206016,30,122,120,90,90,95
206017,30,122,122,90,120,95
206018,30,58,58,92,56,95
206019,30,92,92,92,92,95
206020,30,92,92,92,92,97
206021,30,125,122,122,92,97
206022,30,95,95,122,58,122
206023,30,95,61,95,92,97
206024,30,95,95,95,95,97
206025,30,95,95,95,95,95
206026,30,98,61,125,95,125
206027,30,98,98,95,95,95
206028,30,64,98,64,61,95
206029,30,98,98,98,98,95
206030,30,98,98,128,64,64
206031,30,101,98,98,98,64
206032,30,101,101,98,128,128
206033,30,101,68,131,128,64
206034,30,68,101,101,101,98
206035,30,101,68,68,68,68
301001,70,132,131,131,131,68
301002,70,37,132,101,101,101
301003,70,132,132,102,101,101
301004,70,132,102,132,102,101
301005,70,90,102,102,102,102
301006,70,91,132,132,102,132
301007,70,38,102,132,132,132
301008,70,38,70,70,102,102
301009,70,91,102,102,70,69
301010,70,91,102,102,102,102
301011,70,134,102,102,133,133
301012,70,134,71,133,133,102
301013,70,92,103,103,70,70
301014,70,92,134,103,103,133
301015,70,39,103,103,71,71
301016,70,93,103,134,71,134
301017,70,135,104,103,71,134
301018,70,135,104,104,103,71
301019,70,93,104,104,104,103
301020,70,93,104,104,104,104
302001,70,94,135,104,135,104
302002,70,94,105,104,104,104
302003,70,136,105,73,135,72
302004,70,94,105,105,105,104
302005,70,42,105,105,105,105
302006,70,95,105,105,105,73
302007,70,95,106,105,105,105
302008,70,95,106,106,73,136
302009,70,43,106,106,106,105
302010,70,95,74,106,106,106
302011,70,96,106,106,137,137
302012,70,96,106,106,137,137
302013,70,96,106,106,106,74
302014,70,44,106,106,75,106
302015,70,44,106,106,75,75
302016,70,45,106,75,138,138
302017,70,97,107,106,75,75
302018,70,97,107,107,106,106
302019,70,45,139,76,76,138
302020,70,45,76,107,107,76
302021,70,140,139,139,107,107
302022,70,98,77,107,76,107
302023,70,47,108,77,76,107
302024,70,98,77,108,77,76
302025,70,47,77,77,108,108
303001,70,141,140,140,140,77
303002,70,48,141,108,108,108
303003,70,141,141,109,108,108
303004,70,141,99,141,109,108
303005,70,99,99,109,109,109
303006,70,100,141,141,109,141
303007,70,49,100,141,141,141
303008,70,49,49,79,109,109
303009,70,100,100,110,79,78
303010,70,100,100,110,110,110
303011,70,143,100,110,142,142
303012,70,143,51,142,142,110
303013,70,101,101,111,79,79
303014,70,101,143,111,111,142
303015,70,51,101,111,80,80
303016,70,102,101,143,80,143
303017,70,144,102,111,80,143
303018,70,144,102,112,111,80
303019,70,102,102,112,112,111
303020,70,102,102,112,112,112
303021,70,103,144,112,144,112
303022,70,103,103,112,112,112
303023,70,145,103,82,144,81
303024,70,103,103,113,113,112
303025,70,54,103,113,113,113
303026,70,104,103,113,113,82
303027,70,104,104,113,113,113
303028,70,104,104,113,82,145
303029,70,55,104,113,113,113
303030,70,104,55,113,113,113
304001,70,105,104,113,146,146
304002,70,105,105,113,146,146
304003,70,105,105,114,113,83
304004,70,57,105,114,84,113
304005,70,57,105,114,84,84
304006,70,58,105,84,147,147
304007,70,106,106,114,84,84
304008,70,106,106,115,114,114
304009,70,58,148,85,85,147
304010,70,58,58,115,115,85
304011,70,149,148,148,115,115
304012,70,107,59,115,85,115
304013,70,59,107,86,85,115
304014,70,107,59,116,86,85
304015,70,59,59,86,116,116
304016,70,150,149,149,149,86
304017,70,61,150,107,116,116
304018,70,150,150,108,116,116
304019,70,150,108,150,117,116
304020,70,108,108,108,117,117
304021,70,109,150,150,117,150
304022,70,62,109,150,150,150
304023,70,62,62,62,117,117
304024,70,109,109,109,88,87
304025,70,109,109,109,118,118
304026,70,152,109,109,151,151
304027,70,152,63,151,151,118
304028,70,110,110,110,88,88
304029,70,110,152,110,119,151
304030,70,63,110,110,89,89
305001,70,111,110,152,89,152
305002,70,153,111,110,89,152
305003,70,153,111,111,119,89
305004,70,111,111,111,120,119
305005,70,111,111,111,120,120
305006,70,112,153,111,153,120
305007,70,112,112,111,120,120
305008,70,154,112,66,153,89
305009,70,112,112,112,121,120
305010,70,66,112,112,121,121
305011,70,113,112,112,121,90
305012,70,113,113,112,121,121
305013,70,113,113,113,90,154
305014,70,67,113,113,122,121
305015,70,113,67,113,122,122
305016,70,114,113,113,155,155
305017,70,114,114,113,155,155
305018,70,114,114,114,122,91
305019,70,68,114,114,92,122
305020,70,68,114,114,92,92
305021,70,69,114,68,156,156
305022,70,114,114,114,92,92
305023,70,114,114,114,123,123
305024,70,69,157,69,93,156
305025,70,69,69,114,124,93
305026,70,158,157,157,124,124
305027,70,115,71,114,93,124
305028,70,71,115,71,93,124
305029,70,115,71,115,94,93
305030,70,71,71,71,125,125
305031,70,159,158,158,158,94
305032,70,72,159,115,115,125
305033,70,159,159,116,115,125
305034,70,159,116,159,116,125
305035,70,116,116,116,116,126
306001,70,117,159,159,116,159
306002,70,73,117,159,159,159
306003,70,73,73,73,116,126
306004,70,117,117,117,73,95
306005,70,117,117,117,117,127
306006,70,161,117,117,160,160
306007,70,161,75,160,160,127
306008,70,118,118,118,73,96
306009,70,118,161,118,118,160
306010,70,75,118,118,75,97
306011,70,120,118,161,75,161
306012,70,162,120,118,75,161
306013,70,162,120,120,118,97
306014,70,120,120,120,120,128
306015,70,120,120,120,120,129
306016,70,121,162,120,162,129
306017,70,121,121,120,120,129
306018,70,163,121,78,162,98
306019,70,121,121,121,121,129
306020,70,78,121,121,121,130
306021,70,122,121,121,121,99
306022,70,122,122,121,121,130
306023,70,122,122,122,78,163
306024,70,79,122,122,122,130
306025,70,122,79,122,122,131
306026,70,123,122,122,164,164
306027,70,123,123,122,164,164
306028,70,123,123,123,122,100
306029,70,81,123,123,81,131
306030,70,81,123,123,81,101
306031,70,82,123,81,165,165
306032,70,124,124,123,81,101
306033,70,124,124,124,123,132
306034,70,82,166,82,82,165
306035,70,82,82,124,124,102
306036,70,167,166,166,124,134
306037,70,125,83,124,82,134
306038,70,83,125,83,82,134
306039,70,125,83,125,83,102
306040,70,83,83,83,125,135
307001,70,168,167,167,167,83
307002,70,84,168,125,125,125
307003,70,168,168,127,125,125
307004,70,168,127,168,127,125
307005,70,127,127,127,127,127
307006,70,128,168,168,127,168
307007,70,85,128,168,168,168
307008,70,85,85,85,127,127
307009,70,128,128,128,85,84
307010,70,128,128,128,128,128
307011,70,170,128,128,169,169
307012,70,170,86,169,169,128
307013,70,129,129,129,85,85
307014,70,129,170,129,129,169
307015,70,86,129,129,86,86
307016,70,130,129,170,86,170
307017,70,171,130,129,86,170
307018,70,171,130,130,129,86
307019,70,130,130,130,130,129
307020,70,130,130,130,130,130
307021,70,131,171,130,171,130
307022,70,131,131,130,130,130
307023,70,172,131,89,171,88
307024,70,131,131,131,131,130
307025,70,89,131,131,131,131
307026,70,134,131,131,131,89
307027,70,134,134,131,131,131
307028,70,134,134,134,89,172
307029,70,91,134,134,134,131
307030,70,134,91,134,134,134
307031,70,136,134,134,174,174
307032,70,136,136,134,174,174
307033,70,136,136,136,134,91
307034,70,93,136,136,93,134
307035,70,93,136,136,93,93
307036,70,95,136,93,176,176
307037,70,138,138,136,93,93
307038,70,138,138,138,136,136
307039,70,95,178,95,95,176
307040,70,95,95,138,138,95
307041,70,180,178,178,138,138
307042,70,141,98,138,95,138
307043,70,98,141,98,95,138
307044,70,141,98,141,98,95
307045,70,98,98,98,141,141
401001,100,181,180,180,180,141
401002,100,181,142,141,141,180
401003,100,136,142,181,141,98
401004,100,136,181,181,142,141
401005,100,136,181,142,142,142
401006,100,88,181,181,181,181
401007,100,138,143,181,142,181
401008,100,138,143,143,142,142
401009,100,138,143,182,182,142
401010,100,182,143,143,100,143
401011,100,139,143,143,143,143
401012,100,89,144,182,182,143
401013,100,183,101,144,143,143
401014,100,139,144,144,144,143
401015,100,183,183,144,144,144
401016,100,90,101,144,144,101
401017,100,140,184,144,183,101
401018,100,184,145,102,144,101
401019,100,140,145,145,145,101
401020,100,90,145,102,102,102
401021,100,92,102,184,102,145
401022,100,92,104,102,102,102
401023,100,92,104,104,102,102
401024,100,92,104,104,146,145
401025,100,92,104,104,104,104
402001,100,93,104,104,146,104
402002,100,143,147,146,146,104
402003,100,143,105,105,104,104
402004,100,186,147,147,147,104
402005,100,93,105,147,105,147
402006,100,144,147,105,147,147
402007,100,144,106,147,105,105
402008,100,94,148,106,147,105
402009,100,94,106,106,106,105
402010,100,144,106,148,148,148
402011,100,145,106,148,148,106
402012,100,145,150,106,148,106
402013,100,96,150,150,148,148
402014,100,145,107,107,150,148
402015,100,96,107,107,107,107
402016,100,189,188,188,188,150
402017,100,189,151,150,150,188
402018,100,146,151,189,150,107
402019,100,146,189,189,151,150
402020,100,146,189,151,151,151
402021,100,98,189,189,189,189
402022,100,147,152,189,151,189
402023,100,147,152,152,151,151
402024,100,147,152,190,190,151
402025,100,190,152,152,109,152
402026,100,148,152,152,152,152
402027,100,100,153,190,190,152
402028,100,191,110,153,152,152
402029,100,148,153,153,153,152
402030,100,191,191,153,153,153
403001,100,101,110,153,153,110
403002,100,149,192,153,191,110
403003,100,192,154,111,153,110
403004,100,149,154,154,154,110
403005,100,101,154,111,111,111
403006,100,102,111,192,111,154
403007,100,102,112,111,111,111
403008,100,102,112,112,111,111
403009,100,102,112,112,155,154
403010,100,102,102,112,112,112
403011,100,103,102,112,155,112
403012,100,152,152,155,155,112
403013,100,152,103,113,112,112
403014,100,194,152,156,156,112
403015,100,103,103,156,113,156
403016,100,153,152,113,156,156
403017,100,153,104,156,113,113
403018,100,104,153,114,156,113
403019,100,104,104,114,114,113
403020,100,153,104,157,157,157
403021,100,154,104,157,157,114
403022,100,154,154,114,157,114
403023,100,105,154,158,157,157
403024,100,154,105,115,158,157
403025,100,105,105,115,115,115
403026,100,197,196,196,196,158
403027,100,197,155,158,158,196
403028,100,155,155,197,158,115
403029,100,155,197,197,160,158
403030,100,155,197,160,160,160
403031,100,107,197,197,197,197
403032,100,156,156,197,160,197
403033,100,156,156,161,160,160
403034,100,156,156,198,198,160
403035,100,198,156,161,117,161
404001,100,157,156,161,161,161
404002,100,108,157,198,198,161
404003,100,199,108,162,161,161
404004,100,157,157,162,162,161
404005,100,199,199,162,162,162
404006,100,109,108,162,162,118
404007,100,158,200,162,199,118
404008,100,200,158,119,162,118
404009,100,158,158,162,162,118
404010,100,109,158,119,119,119
404011,100,111,109,200,119,162
404012,100,111,111,119,119,119
404013,100,111,111,121,119,119
404014,100,111,111,121,164,162
404015,100,111,111,121,121,121
404016,100,112,111,121,164,121
404017,100,161,161,164,164,121
404018,100,161,112,122,121,121
404019,100,202,161,165,165,121
404020,100,112,112,165,122,165
404021,100,162,161,122,165,165
404022,100,162,113,165,122,122
404023,100,113,162,123,165,122
404024,100,113,113,123,123,122
404025,100,162,113,166,166,166
404026,100,163,113,166,166,123
404027,100,163,163,123,166,123
404028,100,114,163,167,166,166
404029,100,163,114,124,167,166
404030,100,114,114,124,124,124
404031,100,205,204,204,204,167
404032,100,205,164,167,167,204
404033,100,164,164,205,167,124
404034,100,164,205,205,168,167
404035,100,164,205,168,168,168
405001,100,117,205,205,205,205
405002,100,165,165,205,168,205
405003,100,165,165,169,168,168
405004,100,165,165,206,206,168
405005,100,206,165,165,127,169
405006,100,166,165,165,169,169
405007,100,118,166,206,206,169
405008,100,207,118,166,169,169
405009,100,166,166,166,170,169
405010,100,207,207,166,170,170
405011,100,119,118,166,170,128
405012,100,168,208,166,207,128
405013,100,208,168,119,170,128
405014,100,168,168,168,171,128
405015,100,119,168,119,129,129
405016,100,121,119,208,129,171
405017,100,121,121,119,129,129
405018,100,121,121,121,129,129
405019,100,121,121,121,172,171
405020,100,121,121,121,131,131
405021,100,122,121,121,172,131
405022,100,170,170,169,172,131
405023,100,170,122,122,131,131
405024,100,210,170,170,173,131
405025,100,122,122,170,132,173
405026,100,171,170,122,173,173
405027,100,171,123,170,132,132
405028,100,123,171,123,173,132
405029,100,123,123,123,133,132
405030,100,171,123,171,175,175
405031,100,172,123,171,175,133
405032,100,172,172,123,175,133
405033,100,125,172,172,175,175
405034,100,172,125,125,176,175
405035,100,125,125,125,134,134
405036,100,213,212,212,212,176
405037,100,213,173,172,176,212
405038,100,173,173,213,176,134
405039,100,173,213,213,177,176
405040,100,173,213,173,177,177
406001,100,127,213,213,213,213
406002,100,174,174,213,177,213
406003,100,174,174,174,177,177
406004,100,174,174,214,214,177
406005,100,214,174,174,137,178
406006,100,175,174,174,178,178
406007,100,128,175,214,214,178
406008,100,215,128,175,178,178
406009,100,175,175,175,179,178
406010,100,215,215,175,179,179
406011,100,130,128,175,179,138
406012,100,176,216,175,215,138
406013,100,216,176,130,179,138
406014,100,176,176,176,180,138
406015,100,130,176,130,139,139
406016,100,131,130,216,139,180
406017,100,131,131,130,139,139
406018,100,131,131,131,139,139
406019,100,131,131,131,181,180
406020,100,131,131,131,141,141
406021,100,132,131,131,181,141
406022,100,179,179,177,181,141
406023,100,179,132,132,141,141
406024,100,218,179,179,182,141
406025,100,132,132,179,142,182
406026,100,180,179,132,182,182
406027,100,180,133,179,142,142
406028,100,133,180,133,179,142
406029,100,133,133,133,133,142
406030,100,180,133,180,180,183
406031,100,181,133,180,180,143
406032,100,181,181,133,180,143
406033,100,135,181,181,180,183
406034,100,181,135,135,181,183
406035,100,135,135,135,135,144
406036,100,221,220,220,220,184
406037,100,221,182,181,181,220
406038,100,182,182,221,181,144
406039,100,182,221,221,182,184
406040,100,182,221,182,182,185
406041,100,138,221,221,221,221
406042,100,183,183,221,182,221
406043,100,183,183,183,182,185
406044,100,183,183,222,222,185
406045,100,222,183,183,138,186
406046,100,184,183,183,183,186
406047,100,139,184,222,222,186
406048,100,223,139,184,183,186
406049,100,184,184,184,184,186
406050,100,223,223,184,184,187
407001,100,141,139,184,184,148
407002,100,185,224,184,223,148
407003,100,224,185,141,184,148
407004,100,185,185,185,185,148
407005,100,141,185,141,141,149
407006,100,142,141,224,141,188
407007,100,142,142,141,141,149
407008,100,142,142,142,141,149
407009,100,142,142,142,186,188
407010,100,142,142,142,142,150
407011,100,143,142,142,186,150
407012,100,187,187,186,186,150
407013,100,187,143,143,142,150
407014,100,226,187,187,187,150
407015,100,143,143,187,143,190
407016,100,188,187,143,187,190
407017,100,188,144,187,143,151
407018,100,144,188,144,187,151
407019,100,144,144,144,144,151
407020,100,188,144,188,188,192
407021,100,190,144,188,188,153
407022,100,190,190,144,188,153
407023,100,146,190,190,188,192
407024,100,190,146,146,190,192
407025,100,146,146,146,146,154
407026,100,229,228,228,228,193
407027,100,229,191,190,190,228
407028,100,191,191,229,190,154
407029,100,191,229,229,191,193
407030,100,191,229,191,191,194
407031,100,148,229,229,229,229
407032,100,192,192,229,191,229
407033,100,192,192,192,191,194
407034,100,192,192,230,230,194
407035,100,230,192,192,148,195
407036,100,193,192,192,192,195
407037,100,149,193,230,230,195
407038,100,231,149,193,192,195
407039,100,193,193,193,193,195
407040,100,231,231,193,193,196
407041,100,151,149,193,193,158
407042,100,194,232,193,231,149
407043,100,232,194,151,193,149
407044,100,194,194,194,194,149
407045,100,151,194,151,151,151
407046,100,152,151,232,151,194
407047,100,152,152,151,151,151
407048,100,152,152,152,151,151
407049,100,152,152,152,195,194
407050,100,152,152,152,152,152
408001,100,153,152,152,195,152
408002,100,196,196,195,195,152
408003,100,196,153,153,152,152
408004,100,234,196,196,196,152
408005,100,153,153,196,153,196
408006,100,197,196,153,196,196
408007,100,197,155,196,153,153
408008,100,155,197,155,196,153
408009,100,155,155,155,155,153
408010,100,197,155,197,197,197
408011,100,198,155,197,197,155
408012,100,198,198,155,197,155
408013,100,156,198,198,197,197
408014,100,198,156,156,198,197
408015,100,156,156,156,156,156
408016,100,237,236,236,236,198
408017,100,237,200,198,198,236
408018,100,200,200,237,198,156
408019,100,200,237,237,200,198
408020,100,200,237,200,200,200
408021,100,158,237,237,237,237
408022,100,201,201,237,200,237
408023,100,201,201,201,200,200
408024,100,201,201,238,238,200
408025,100,238,201,201,158,201
408026,100,202,201,201,201,201
408027,100,160,202,238,238,201
408028,100,239,160,202,201,201
408029,100,202,202,202,202,201
408030,100,239,239,202,202,202
408031,100,161,160,202,202,160
408032,100,202,240,202,239,160
408033,100,240,202,161,202,160
408034,100,202,202,202,202,160
408035,100,161,202,161,161,161
408036,100,162,161,240,161,202
408037,100,162,162,161,161,161
408038,100,162,162,162,161,161
408039,100,162,162,162,203,202
408040,100,162,162,162,162,162
408041,100,163,162,162,203,162
408042,100,204,204,203,203,162
408043,100,204,163,163,162,162
408044,100,242,204,204,204,162
408045,100,163,163,204,163,204
408046,100,205,204,163,204,204
408047,100,205,164,204,163,163
408048,100,164,205,164,204,163
408049,100,164,164,164,164,163
408050,100,205,164,205,205,205
408051,100,206,164,205,205,164
408052,100,206,206,164,205,164
408053,100,165,206,206,205,205
408054,100,206,165,165,206,205
408055,100,165,165,165,165,165
501001,150,204,244,244,206,244
501002,150,157,207,244,244,244
501003,150,157,166,166,206,206
501004,150,204,207,207,166,165
501005,150,204,207,207,207,207
501006,150,246,245,245,207,207
501007,150,246,208,207,245,245
501008,150,158,246,246,245,245
501009,150,205,208,246,167,245
501010,150,246,167,246,246,208
501011,150,206,208,246,208,246
501012,150,206,168,208,208,208
501013,150,206,209,209,167,167
501014,150,206,209,209,209,208
501015,150,206,209,209,209,209
501016,150,207,247,209,209,247
501017,150,207,210,247,247,209
501018,150,207,210,210,209,209
501019,150,161,210,210,169,168
501020,150,248,210,210,169,210
501021,150,208,169,248,210,248
501022,150,208,211,248,169,248
501023,150,208,211,211,210,210
501024,150,208,211,211,211,210
501025,150,249,211,211,170,249
501026,150,163,211,249,249,211
501027,150,163,212,170,170,211
501028,150,250,212,212,211,170
501029,150,250,171,212,212,211
501030,150,208,212,212,212,212
502001,150,209,212,212,212,212
502002,150,209,213,212,212,212
502003,150,209,213,251,171,171
502004,150,209,213,213,213,212
502005,150,251,251,213,213,213
502006,150,210,213,213,213,172
502007,150,210,252,213,251,213
502008,150,165,173,214,213,172
502009,150,210,214,214,252,251
502010,150,210,214,214,214,214
502011,150,211,252,214,252,173
502012,150,211,174,173,173,173
502013,150,253,214,174,252,173
502014,150,253,214,174,214,173
502015,150,166,214,214,214,214
502016,150,212,214,214,214,214
502017,150,212,215,214,214,174
502018,150,212,175,175,174,174
502019,150,167,215,215,215,214
502020,150,167,215,175,175,175
502021,150,213,215,215,215,175
502022,150,168,176,254,175,215
502023,150,213,216,216,215,215
502024,150,168,176,176,176,175
502025,150,213,216,216,176,255
502026,150,169,176,176,176,176
502027,150,169,217,216,216,216
502028,150,169,177,177,216,216
502029,150,214,177,217,217,216
502030,150,169,177,177,177,177
502031,150,215,217,217,256,256
502032,150,170,178,177,217,177
502033,150,215,218,218,256,256
502034,150,215,218,218,218,177
502035,150,215,218,218,218,178
503001,150,216,170,178,178,178
503002,150,171,216,218,178,218
503003,150,258,216,219,218,178
503004,150,171,216,219,179,178
503005,150,171,171,219,179,219
503006,150,172,216,179,258,258
503007,150,217,217,179,219,219
503008,150,217,217,220,179,179
503009,150,217,172,220,180,179
503010,150,217,217,220,220,220
503011,150,173,217,180,220,180
503012,150,173,260,180,180,259
503013,150,173,173,181,180,180
503014,150,173,173,221,221,180
503015,150,218,173,221,221,221
503016,150,261,260,260,221,221
503017,150,219,174,221,221,181
503018,150,219,174,222,181,221
503019,150,219,219,182,222,181
503020,150,174,219,182,182,222
503021,150,175,219,222,222,222
503022,150,220,175,222,182,182
503023,150,220,175,183,222,222
503024,150,175,175,183,222,222
503025,150,175,175,183,183,183
503026,150,263,262,262,222,222
503027,150,263,220,222,262,262
503028,150,176,263,263,262,262
503029,150,220,220,263,184,262
503030,150,263,176,263,263,223
503031,150,221,220,263,223,263
503032,150,221,177,223,223,223
503033,150,221,221,224,184,184
503034,150,221,221,224,224,223
503035,150,221,221,224,224,224
503036,150,222,264,224,224,264
503037,150,222,222,264,264,224
503038,150,222,222,225,224,224
503039,150,178,222,225,185,184
503040,150,265,222,225,185,225
504001,150,223,178,265,225,265
504002,150,223,223,265,185,265
504003,150,223,223,226,225,225
504004,150,223,223,226,226,225
504005,150,266,223,226,186,266
504006,150,180,223,266,266,226
504007,150,180,224,186,186,226
504008,150,267,224,226,226,186
504009,150,267,180,226,226,226
504010,150,224,224,226,226,226
504011,150,224,224,226,226,226
504012,150,224,224,226,226,226
504013,150,224,224,268,187,187
504014,150,224,224,227,227,226
504015,150,268,268,227,227,227
504016,150,225,224,227,227,188
504017,150,225,269,227,268,227
504018,150,182,182,228,227,188
504019,150,225,225,228,269,268
504020,150,225,225,228,228,228
504021,150,226,269,228,269,189
504022,150,226,183,189,189,189
504023,150,270,226,190,269,189
504024,150,270,226,190,229,189
504025,150,183,226,229,229,229
504026,150,227,226,226,229,229
504027,150,227,227,226,229,190
504028,150,227,184,184,190,190
504029,150,184,227,227,229,229
504030,150,184,227,184,190,190
504031,150,227,227,227,229,190
504032,150,184,184,271,190,229
504033,150,227,227,227,229,229
504034,150,184,184,184,191,190
504035,150,227,227,227,191,272
504036,150,185,184,184,191,191
504037,150,185,228,227,230,230
504038,150,185,185,185,230,230
504039,150,228,185,228,231,230
504040,150,185,185,185,192,192
504041,150,229,228,228,273,273
504042,150,186,186,185,231,192
504043,150,229,229,229,273,273
504044,150,229,229,229,232,192
504045,150,229,229,229,232,193
505001,150,230,186,186,193,193
505002,150,187,230,229,193,232
505003,150,275,230,230,232,193
505004,150,187,230,230,194,193
505005,150,187,187,230,194,232
505006,150,188,230,187,275,275
505007,150,231,231,187,232,232
505008,150,231,231,231,194,194
505009,150,231,188,231,195,194
505010,150,231,231,231,233,233
505011,150,189,231,188,233,195
505012,150,189,277,188,195,276
505013,150,189,189,189,195,195
505014,150,189,189,231,234,195
505015,150,231,189,231,234,234
505016,150,278,277,277,234,234
505017,150,232,190,231,234,195
505018,150,232,190,232,195,234
505019,150,232,232,190,235,195
505020,150,190,232,190,196,235
505021,150,190,232,232,235,235
505022,150,233,190,232,196,196
505023,150,233,190,190,235,235
505024,150,190,190,190,236,235
505025,150,190,190,190,197,197
505026,150,280,279,279,236,236
505027,150,280,234,233,279,279
505028,150,191,280,280,279,279
505029,150,234,234,280,198,279
505030,150,280,191,280,280,236
505031,150,234,234,280,236,280
505032,150,234,192,234,236,236
505033,150,234,234,234,198,198
505034,150,234,234,234,237,236
505035,150,234,234,234,237,237
505036,150,235,281,234,237,281
505037,150,235,235,281,281,237
505038,150,235,235,235,237,237
505039,150,193,235,235,200,199
505040,150,282,235,235,200,238
505041,150,236,193,282,238,282
505042,150,236,236,282,200,282
505043,150,236,236,236,238,238
505044,150,236,236,236,239,238
505045,150,283,236,236,201,283
505046,150,195,236,283,283,239
505047,150,195,237,194,194,239
505048,150,284,237,237,236,201
505049,150,284,195,237,237,239
505050,150,237,237,237,237,239
506001,150,237,237,237,237,239
506002,150,237,237,237,237,239
506003,150,237,237,285,195,201
506004,150,237,237,237,237,239
506005,150,285,285,237,237,240
506006,150,238,237,237,237,202
506007,150,238,286,237,285,240
506008,150,196,196,238,237,202
506009,150,238,238,238,286,285
506010,150,238,238,238,238,241
506011,150,239,286,238,286,203
506012,150,239,197,196,196,203
506013,150,287,239,197,286,203
506014,150,287,239,197,239,203
506015,150,197,239,239,239,242
506016,150,240,239,239,239,242
506017,150,240,240,239,239,203
506018,150,240,198,198,197,203
506019,150,198,240,240,240,242
506020,150,198,240,198,198,204
506021,150,241,240,240,240,204
506022,150,199,199,288,198,242
506023,150,241,241,241,240,242
506024,150,199,199,199,199,204
506025,150,241,241,241,199,289
506026,150,200,199,199,199,205
506027,150,200,241,241,241,243
506028,150,200,200,200,241,243
506029,150,241,200,241,241,243
506030,150,200,200,200,200,206
506031,150,242,241,241,290,290
506032,150,201,201,200,241,206
506033,150,242,242,242,290,290
506034,150,242,242,242,242,206
506035,150,242,242,242,242,206
506036,150,243,201,201,201,206
506037,150,201,243,242,201,245
506038,150,292,243,243,242,206
506039,150,201,243,243,201,206
506040,150,201,201,243,201,246
506041,150,202,243,201,292,292
506042,150,244,244,201,243,246
506043,150,244,244,244,201,207
506044,150,244,202,244,202,207
506045,150,244,244,244,244,246
506046,150,203,244,202,244,208
506047,150,203,294,202,202,293
506048,150,203,203,203,202,208
506049,150,203,203,244,244,208
506050,150,244,203,244,244,247
507001,150,295,294,294,244,247
507002,150,245,203,244,244,208
507003,150,245,203,245,203,247
507004,150,245,245,203,245,208
507005,150,203,245,203,203,248
507006,150,204,245,245,245,248
507007,150,246,204,245,203,209
507008,150,246,204,204,245,248
507009,150,204,204,204,246,248
507010,150,204,204,204,204,210
507011,150,297,296,296,246,246
507012,150,297,247,246,296,296
507013,150,205,297,297,296,296
507014,150,247,247,297,205,296
507015,150,297,205,297,297,247
507016,150,248,247,297,247,297
507017,150,248,206,247,247,247
507018,150,248,248,248,205,205
507019,150,248,248,248,248,247
507020,150,248,248,248,248,248
507021,150,248,298,248,248,298
507022,150,248,248,298,298,248
507023,150,248,248,248,248,248
507024,150,206,248,248,206,206
507025,150,299,248,248,206,248
507026,150,249,206,299,248,299
507027,150,249,249,299,206,299
507028,150,249,249,249,248,248
507029,150,249,249,249,249,248
507030,150,300,249,249,207,300
507031,150,208,249,300,300,249
507032,150,208,250,207,207,249
507033,150,301,250,250,249,207
507034,150,301,208,250,250,249
507035,150,250,250,250,250,250
507036,150,251,250,250,250,250
507037,150,251,251,250,250,250
507038,150,251,251,302,208,208
507039,150,251,251,251,251,250
507040,150,302,302,251,251,251
507041,150,251,251,251,251,208
507042,150,251,303,251,302,251
507043,150,209,209,251,251,208
507044,150,251,251,251,303,302
507045,150,251,251,251,251,251
507046,150,252,303,251,303,209
507047,150,252,210,209,209,209
507048,150,304,252,210,303,209
507049,150,304,252,210,252,209
507050,150,210,252,252,252,252
507051,150,253,252,252,252,252
507052,150,253,253,252,252,210
507053,150,253,211,211,210,210
507054,150,211,253,253,253,252
507055,150,211,253,211,211,211
508001,150,254,253,253,253,211
508002,150,211,211,305,211,253
508003,150,254,254,254,253,253
508004,150,211,211,211,211,211
508005,150,254,254,254,211,306
508006,150,212,211,211,211,211
508007,150,212,254,254,254,254
508008,150,212,212,212,254,254
508009,150,254,212,254,254,254
508010,150,212,212,212,212,212
508011,150,255,254,254,307,307
508012,150,213,213,212,254,212
508013,150,255,255,255,307,307
508014,150,255,255,255,255,212
508015,150,255,255,255,255,213
508016,150,256,213,213,213,213
508017,150,213,256,255,213,255
508018,150,309,256,256,255,213
508019,150,213,256,256,213,213
508020,150,213,213,256,213,256
508021,150,207,256,213,309,309
508022,150,254,257,213,256,256
508023,150,254,257,257,213,213
508024,150,254,214,257,214,213
508025,150,254,257,257,257,257
508026,150,208,257,214,257,214
508027,150,208,311,214,214,310
508028,150,208,215,215,214,214
508029,150,208,215,258,258,214
508030,150,254,215,258,258,258
508031,150,312,311,311,258,258
508032,150,255,216,258,258,215
508033,150,255,216,258,215,258
508034,150,255,258,216,258,215
508035,150,209,258,216,216,258
508036,150,209,258,258,258,258
508037,150,256,216,258,216,216
508038,150,256,216,216,258,258
508039,150,209,216,216,259,258
508040,150,209,216,216,216,216
508041,150,314,313,313,259,259
508042,150,314,260,259,313,313
508043,150,210,314,314,313,313
508044,150,257,260,314,217,313
508045,150,314,217,314,314,260
508046,150,257,260,314,260,314
508047,150,257,218,260,260,260
508048,150,257,261,261,217,217
508049,150,257,261,261,261,260
508050,150,257,261,261,261,261
508051,150,258,315,261,261,315
508052,150,258,261,315,315,261
508053,150,258,261,261,261,261
508054,150,212,261,261,218,218
508055,150,316,261,261,218,261
508056,150,259,218,316,261,316
508057,150,259,262,316,218,316
508058,150,259,262,262,261,261
508059,150,259,262,262,262,261
508060,150,317,262,262,219,317
509001,150,213,262,317,317,262
509002,150,213,263,219,219,262
509003,150,318,263,263,262,219
509004,150,318,220,263,263,262
509005,150,260,263,263,263,263
509006,150,261,263,263,263,263
509007,150,261,264,263,263,263
509008,150,261,264,319,220,220
509009,150,261,264,264,264,263
509010,150,319,319,264,264,264
509011,150,261,264,264,264,221
509012,150,261,320,264,319,264
509013,150,214,221,265,264,221
509014,150,261,265,265,320,319
509015,150,261,265,265,265,265
509016,150,262,320,265,320,221
509017,150,262,222,221,221,221
509018,150,321,265,222,320,221
509019,150,321,265,222,265,221
509020,150,215,265,265,265,265
509021,150,263,262,265,265,265
509022,150,263,263,265,265,222
509023,150,263,216,222,222,222
509024,150,216,263,266,266,265
509025,150,216,263,222,222,222
509026,150,264,263,266,266,222
509027,150,217,217,322,222,266
509028,150,264,264,267,266,266
509029,150,217,217,223,223,222
509030,150,264,264,267,223,323
509031,150,217,217,223,223,223
509032,150,217,264,267,267,267
509033,150,217,217,224,267,267
509034,150,264,217,268,268,267
509035,150,217,217,224,224,224
509036,150,265,264,268,324,324
509037,150,218,218,224,268,224
509038,150,265,265,268,324,324
509039,150,265,265,268,268,224
509040,150,265,265,268,268,224
509041,150,266,218,224,224,224
509042,150,219,266,268,224,268
509043,150,326,266,269,268,224
509044,150,219,266,269,225,224
509045,150,219,219,269,225,269
509046,150,219,266,225,326,326
509047,150,267,267,225,269,269
509048,150,267,267,270,225,225
509049,150,267,219,270,225,225
509050,150,267,267,270,270,270
509051,150,220,267,225,270,225
509052,150,220,328,225,225,327
509053,150,220,220,226,225,225
509054,150,220,220,271,271,225
509055,150,267,220,271,271,271
509056,150,329,328,328,271,271
509057,150,268,221,271,271,226
509058,150,268,221,271,226,271
509059,150,268,268,226,271,226
509060,150,221,268,226,226,271
509061,150,221,268,271,271,271
509062,150,269,221,271,226,226
509063,150,269,221,227,271,271
509064,150,221,221,227,272,271
509065,150,221,221,227,227,227
601001,200,270,269,272,272,272
601002,200,270,270,272,227,227
601003,200,270,270,273,227,272
601004,200,331,270,273,273,272
601005,200,331,222,273,273,228
601006,200,223,222,228,228,228
601007,200,271,271,273,273,273
601008,200,223,271,228,228,273
601009,200,271,271,274,274,273
601010,200,271,271,274,274,228
601011,200,223,223,228,274,274
601012,200,271,271,274,274,228
601013,200,271,271,275,228,228
601014,200,223,271,275,275,274
601015,200,223,223,229,229,229
601016,200,272,223,271,275,229
601017,200,272,272,271,229,275
601018,200,224,272,272,275,275
601019,200,224,224,224,275,275
601020,200,334,224,272,229,275
601021,200,273,272,272,275,275
601022,200,224,224,224,229,229
601023,200,224,224,335,229,229
601024,200,273,273,273,276,275
601025,200,224,273,273,230,230
601026,200,225,273,224,276,276
601027,200,274,274,273,230,276
601028,200,274,225,225,276,276
601029,200,274,225,225,231,230
601030,200,274,274,274,277,277
601031,200,274,274,274,277,277
601032,200,226,274,274,277,277
601033,200,337,274,337,277,336
601034,200,274,226,226,231,231
601035,200,274,226,274,278,278
601036,200,275,274,226,231,231
601037,200,275,226,226,231,278
601038,200,226,226,275,278,231
601039,200,226,226,226,278,337
601040,200,275,275,275,338,278
601041,200,276,275,275,278,338
601042,200,276,227,226,232,232
601043,200,276,227,276,232,232
601044,200,339,276,227,279,232
601045,200,276,276,276,279,232
601046,200,227,227,227,232,232
601047,200,277,277,276,232,232
601048,200,227,277,227,232,232
601049,200,277,227,227,233,232
601050,200,227,227,277,233,233
601051,200,228,227,277,233,233
601052,200,278,228,277,280,233
601053,200,228,228,228,233,233
601054,200,228,228,228,234,233
601055,200,228,228,228,234,234
602001,200,278,278,278,281,281
602002,200,278,278,278,234,234
602003,200,278,278,278,234,281
602004,200,342,278,278,281,281
602005,200,342,229,278,281,234
602006,200,229,229,229,234,234
602007,200,279,279,278,281,281
602008,200,229,279,229,234,281
602009,200,279,279,279,282,281
602010,200,279,279,279,282,235
602011,200,230,229,229,282,282
602012,200,280,280,279,282,235
602013,200,280,280,280,235,235
602014,200,230,280,280,283,282
602015,200,230,230,230,235,235
602016,200,281,230,280,283,235
602017,200,281,281,280,235,283
602018,200,230,281,281,283,283
602019,200,230,230,230,284,283
602020,200,345,230,281,236,284
602021,200,281,281,281,281,284
602022,200,231,231,230,230,236
602023,200,231,231,346,230,236
602024,200,281,281,281,281,284
602025,200,231,281,281,231,237
602026,200,232,281,231,281,285
602027,200,282,282,281,231,285
602028,200,282,232,232,281,285
602029,200,282,232,232,232,237
602030,200,282,282,282,282,285
602031,200,283,282,282,282,285
602032,200,232,283,282,282,285
602033,200,348,283,348,282,347
602034,200,283,232,232,232,237
602035,200,283,232,283,283,286
602036,200,284,283,232,232,238
602037,200,284,233,232,232,286
602038,200,233,233,284,283,238
602039,200,233,233,233,284,348
602040,200,284,284,284,349,287
602041,200,284,284,284,284,349
602042,200,284,233,233,233,238
602043,200,284,233,284,233,238
602044,200,350,284,233,284,238
602045,200,284,284,284,284,239
602046,200,234,233,233,233,239
602047,200,285,285,284,233,239
602048,200,234,285,234,233,239
602049,200,285,234,234,234,239
602050,200,234,234,285,234,240
602051,200,235,234,285,234,240
602052,200,286,235,285,285,240
602053,200,235,235,235,234,240
602054,200,235,235,235,235,240
602055,200,235,235,235,235,240
603001,200,287,286,286,286,289
603002,200,287,287,286,235,240
603003,200,287,287,287,235,289
603004,200,353,287,287,287,289
603005,200,353,235,287,287,241
603006,200,236,235,235,235,241
603007,200,288,288,287,287,290
603008,200,236,288,236,235,290
603009,200,288,288,288,288,290
603010,200,288,288,288,288,241
603011,200,236,236,236,288,291
603012,200,288,288,288,288,241
603013,200,288,288,288,236,241
603014,200,236,288,288,288,291
603015,200,236,236,236,236,242
603016,200,289,236,288,288,242
603017,200,289,289,288,236,292
603018,200,237,289,289,288,292
603019,200,237,237,237,289,292
603020,200,356,237,289,237,292
603021,200,290,289,289,289,292
603022,200,237,237,237,237,243
603023,200,237,237,357,237,243
603024,200,290,290,290,290,292
603025,200,237,290,290,237,243
603026,200,238,290,237,290,290
603027,200,291,291,290,237,290
603028,200,291,238,238,290,290
603029,200,291,238,238,238,237
603030,200,291,291,291,291,291
603031,200,291,291,291,291,291
603032,200,239,291,291,291,291
603033,200,359,291,359,291,358
603034,200,291,239,239,239,238
603035,200,291,239,291,291,291
603036,200,292,291,239,239,239
603037,200,292,239,239,239,291
603038,200,239,239,292,291,239
603039,200,239,239,239,292,359
603040,200,292,292,292,360,292
603041,200,293,292,292,292,360
603042,200,293,240,239,239,239
603043,200,293,240,293,239,239
603044,200,361,293,240,293,239
603045,200,293,293,293,293,240
603046,200,240,240,240,240,240
603047,200,294,294,293,240,240
603048,200,240,294,240,240,240
603049,200,294,240,240,240,240
603050,200,240,240,294,240,240
603051,200,241,240,294,240,240
603052,200,295,241,294,294,240
603053,200,241,241,241,240,240
603054,200,241,241,241,241,240
603055,200,241,241,241,241,241
603056,200,295,295,295,295,295
603057,200,295,295,295,241,241
603058,200,295,295,295,241,295
603059,200,364,295,295,295,295
603060,200,364,242,295,295,242
604001,200,242,242,242,242,242
604002,200,296,296,295,295,295
604003,200,242,296,242,242,295
604004,200,296,296,296,296,295
604005,200,296,296,296,296,242
604006,200,243,242,242,296,296
604007,200,297,297,296,296,242
604008,200,297,297,297,242,242
604009,200,243,297,297,297,296
604010,200,243,243,243,243,243
604011,200,298,243,297,297,243
604012,200,298,298,297,243,297
604013,200,243,298,298,297,297
604014,200,243,243,243,298,297
604015,200,367,243,298,243,298
604016,200,298,298,298,298,298
604017,200,244,244,243,243,243
604018,200,244,244,368,243,243
604019,200,298,298,298,298,298
604020,200,244,298,298,244,244
604021,200,245,298,244,298,298
604022,200,299,299,298,244,298
604023,200,299,245,245,298,298
604024,200,299,245,245,245,244
604025,200,299,299,299,299,299
604026,200,296,299,299,299,299
604027,200,238,300,299,299,299
604028,200,370,300,370,299,369
604029,200,296,245,245,245,245
604030,200,296,245,300,300,300
604031,200,297,300,245,245,245
604032,200,297,246,245,245,300
604033,200,239,246,301,300,245
604034,200,239,246,246,301,370
604035,200,297,301,301,371,301
604036,200,298,301,301,301,371
604037,200,298,246,246,246,246
604038,200,298,246,301,246,246
604039,200,372,301,246,301,246
604040,200,298,301,301,301,246
604041,200,240,246,246,246,246
604042,200,298,302,301,246,246
604043,200,240,302,247,246,246
604044,200,298,247,247,247,246
604045,200,240,247,302,247,247
604046,200,241,247,302,247,247
604047,200,299,248,302,302,247
604048,200,241,248,248,247,247
604049,200,241,248,248,248,247
604050,200,241,248,248,248,248
604051,200,300,303,303,303,303
604052,200,300,304,303,248,248
604053,200,300,304,304,248,303
604054,200,375,304,304,304,303
604055,200,375,248,304,304,248
604056,200,242,248,248,248,248
604057,200,301,305,304,304,304
604058,200,242,305,249,248,304
604059,200,301,305,305,305,304
604060,200,301,305,305,305,249
604061,200,243,249,249,305,305
604062,200,301,305,305,305,249
604063,200,301,305,305,249,249
604064,200,243,305,305,305,305
604065,200,243,249,249,249,249
605001,200,302,249,305,305,249
605002,200,302,306,305,249,305
605003,200,243,306,306,305,305
605004,200,243,250,250,306,305
605005,200,378,250,306,250,306
605006,200,303,306,306,306,306
605007,200,244,251,250,250,250
605008,200,244,251,379,250,250
605009,200,303,307,307,307,306
605010,200,244,307,307,251,251
605011,200,244,307,251,307,307
605012,200,304,308,307,251,307
605013,200,304,251,251,307,307
605014,200,304,251,251,251,251
605015,200,304,308,308,308,308
605016,200,305,304,308,308,308
605017,200,245,305,308,308,308
605018,200,381,305,381,308,380
605019,200,305,245,252,252,251
605020,200,305,245,308,308,308
605021,200,305,305,252,252,252
605022,200,305,246,252,252,308
605023,200,246,246,309,308,252
605024,200,246,246,252,309,381
605025,200,305,305,309,382,309
605026,200,306,305,309,309,382
605027,200,306,246,252,252,252
605028,200,306,246,310,252,252
605029,200,383,306,253,310,252
605030,200,306,306,310,310,253
605031,200,247,246,253,253,253
605032,200,307,307,310,253,253
605033,200,247,307,254,253,253
605034,200,307,247,254,254,253
605035,200,247,247,311,254,254
605036,200,247,247,311,254,254
605037,200,308,247,311,311,254
605038,200,247,247,254,254,254
605039,200,247,247,254,254,254
605040,200,247,247,254,254,254
605041,200,308,308,312,312,312
605042,200,308,308,312,254,254
605043,200,308,308,312,254,312
605044,200,386,308,312,312,312
605045,200,386,248,312,312,255
605046,200,249,248,255,255,255
605047,200,309,309,312,312,312
605048,200,249,309,255,255,312
605049,200,309,309,313,313,312
605050,200,309,309,313,313,255
605051,200,249,249,255,313,313
605052,200,310,310,313,313,255
605053,200,310,310,314,255,255
605054,200,249,310,314,314,313
605055,200,249,249,256,256,256
605056,200,311,249,314,314,256
605057,200,311,311,314,256,314
605058,200,250,311,315,314,314
605059,200,250,250,257,315,314
605060,200,389,250,315,257,315
605061,200,312,311,315,315,315
605062,200,250,250,257,257,257
605063,200,250,250,390,257,257
605064,200,312,312,315,315,315
605065,200,250,312,315,257,257
605066,200,251,312,257,315,315
605067,200,312,312,315,257,315
605068,200,312,251,258,315,315
605069,200,312,251,258,258,257
605070,200,312,312,316,316,316
606001,200,313,312,312,316,316
606002,200,251,313,312,316,316
606003,200,392,313,392,316,391
606004,200,313,251,251,258,258
606005,200,313,251,313,317,317
606006,200,314,313,251,258,258
606007,200,314,252,251,258,317
606008,200,252,252,314,317,258
606009,200,252,252,252,318,392
606010,200,314,314,314,393,318
606011,200,315,314,314,318,393
606012,200,315,253,252,259,259
606013,200,315,253,315,259,259
606014,200,394,315,253,318,259
606015,200,315,315,315,318,260
606016,200,253,253,253,260,260
606017,200,315,315,315,260,260
606018,200,253,315,253,260,260
606019,200,315,253,253,260,260
606020,200,253,253,315,260,260
606021,200,254,253,315,260,260
606022,200,316,254,315,319,260
606023,200,254,254,254,260,260
606024,200,254,254,254,261,260
606025,200,254,254,254,261,261
606026,200,317,316,316,320,320
606027,200,317,317,316,261,261
606028,200,317,317,317,261,320
606029,200,397,317,317,321,320
606030,200,397,254,317,321,261
606031,200,255,254,254,261,261
606032,200,318,318,317,321,321
606033,200,255,318,255,261,321
606034,200,318,318,318,322,321
606035,200,318,318,318,322,262
606036,200,256,255,255,322,322
606037,200,318,318,318,322,262
606038,200,318,318,318,262,262
606039,200,256,318,318,322,322
606040,200,256,256,256,262,262
606041,200,319,256,318,322,262
606042,200,319,319,318,262,322
606043,200,256,319,319,322,322
606044,200,256,256,256,323,322
606045,200,400,256,319,263,323
606046,200,320,319,319,323,323
606047,200,257,257,256,263,263
606048,200,257,257,401,263,263
606049,200,320,320,320,324,323
606050,200,257,320,320,264,264
606051,200,257,320,257,324,324
606052,200,321,321,320,264,324
606053,200,321,257,257,324,324
606054,200,321,257,257,264,264
606055,200,321,321,321,325,325
606056,200,322,321,321,321,325
606057,200,258,322,321,321,325
606058,200,403,322,403,321,402
606059,200,322,258,258,258,264
606060,200,322,258,322,322,325
606061,200,322,322,258,258,265
606062,200,322,259,258,258,325
606063,200,259,259,322,322,265
606064,200,259,259,259,322,403
606065,200,322,322,322,404,326
606066,200,323,322,322,322,404
606067,200,323,259,259,259,265
606068,200,323,259,323,259,265
606069,200,405,323,259,323,265
606070,200,323,323,323,323,266
607001,200,260,259,259,259,266
607002,200,324,324,323,259,266
607003,200,260,324,260,259,266
607004,200,324,260,260,260,266
607005,200,260,260,324,260,267
607006,200,260,260,324,260,267
607007,200,325,260,324,324,267
607008,200,260,260,260,260,267
607009,200,260,260,260,260,267
607010,200,260,260,260,260,267
607011,200,325,325,325,325,328
607012,200,325,325,325,260,267
607013,200,325,325,325,260,328
607014,200,408,325,325,325,328
607015,200,408,261,325,325,268
607016,200,262,261,261,261,268
607017,200,326,326,325,325,329
607018,200,262,326,262,261,329
607019,200,326,326,326,326,329
607020,200,326,326,326,326,268
607021,200,262,262,262,326,330
607022,200,327,327,326,326,268
607023,200,327,327,327,262,268
607024,200,262,327,327,327,330
607025,200,262,262,262,262,269
607026,200,328,262,327,327,269
607027,200,328,328,327,262,331
607028,200,263,328,328,327,331
607029,200,263,263,263,328,331
607030,200,411,263,328,263,332
607031,200,329,328,328,328,332
607032,200,263,263,263,263,270
607033,200,263,263,412,263,270
607034,200,329,329,329,329,332
607035,200,263,329,329,263,270
607036,200,264,329,263,329,332
607037,200,329,329,329,263,332
607038,200,329,264,264,329,332
607039,200,329,264,264,264,270
607040,200,329,329,329,329,333
607041,200,330,329,329,329,329
607042,200,265,330,329,329,329
607043,200,414,330,414,329,413
607044,200,330,265,265,265,264
607045,200,330,265,330,330,330
607046,200,331,330,265,265,265
607047,200,331,265,265,265,330
607048,200,265,265,331,330,265
607049,200,265,265,265,331,414
607050,200,331,331,331,415,331
607051,200,332,331,331,331,415
607052,200,332,266,265,265,265
607053,200,332,266,332,265,265
607054,200,416,332,266,332,265
607055,200,332,332,332,332,266
607056,200,266,266,266,266,266
607057,200,332,332,332,266,266
607058,200,266,332,266,266,266
607059,200,332,266,266,266,266
607060,200,266,266,332,266,266
607061,200,267,266,332,266,266
607062,200,333,267,332,332,266
607063,200,267,267,267,266,266
607064,200,267,267,267,267,266
607065,200,267,267,267,267,267
607066,200,334,333,333,333,333
607067,200,334,334,333,267,267
607068,200,334,334,334,267,333
607069,200,419,334,334,334,333
607070,200,419,268,334,334,268
607071,200,268,268,268,268,268
607072,200,335,335,334,334,334
607073,200,268,335,268,268,334
607074,200,335,335,335,335,334
607075,200,335,335,335,335,268
608001,200,269,268,268,335,335
608002,200,335,335,335,335,268
608003,200,335,335,335,268,268
608004,200,269,335,335,335,335
608005,200,269,269,269,269,269
608006,200,336,269,335,335,269
608007,200,336,336,335,269,335
608008,200,269,336,336,335,335
608009,200,269,269,269,336,335
608010,200,422,269,336,269,336
608011,200,337,336,336,336,336
608012,200,270,270,269,269,269
608013,200,270,270,423,269,269
608014,200,337,337,337,337,336
608015,200,270,337,337,270,270
608016,200,271,337,270,337,337
608017,200,338,338,337,270,337
608018,200,338,271,271,337,337
608019,200,338,271,271,271,270
608020,200,338,338,338,338,338
608021,200,334,338,338,338,338
608022,200,263,339,338,338,338
608023,200,425,339,425,338,424
608024,200,334,271,271,271,271
608025,200,334,271,339,339,339
608026,200,335,339,271,271,271
608027,200,335,272,271,271,339
608028,200,264,272,339,339,271
608029,200,264,272,272,339,425
608030,200,335,339,339,426,339
608031,200,335,339,339,339,426
608032,200,335,272,272,272,272
608033,200,335,272,340,272,272
608034,200,427,340,272,340,272
608035,200,335,340,340,340,272
608036,200,265,272,272,272,272
608037,200,336,341,340,272,272
608038,200,265,341,273,272,272
608039,200,336,273,273,273,272
608040,200,265,273,341,273,273
608041,200,265,273,341,273,273
608042,200,337,274,341,341,273
608043,200,265,274,274,273,273
608044,200,265,274,274,274,273
608045,200,265,274,274,274,274
608046,200,338,342,342,342,342
608047,200,338,342,342,274,274
608048,200,338,342,342,274,342
608049,200,430,342,342,342,342
608050,200,430,274,342,342,274
608051,200,267,274,274,274,274
608052,200,339,343,342,342,342
608053,200,267,343,275,274,342
608054,200,339,343,343,343,342
608055,200,339,343,343,343,275
608056,200,267,275,275,343,343
608057,200,339,344,343,343,275
608058,200,339,344,344,275,275
608059,200,267,344,344,344,343
608060,200,267,275,275,275,275
608061,200,340,275,344,344,275
608062,200,340,345,344,275,344
608063,200,268,345,345,344,344
608064,200,268,276,276,345,344
608065,200,433,276,345,276,345
608066,200,341,345,345,345,345
608067,200,268,276,276,276,276
608068,200,268,276,434,276,276
608069,200,341,345,345,345,345
608070,200,268,341,345,276,276
608071,200,269,341,276,345,345
608072,200,342,342,345,276,345
608073,200,342,269,277,345,345
608074,200,342,269,277,277,276
608075,200,342,342,346,346,346
608076,200,342,342,346,346,346
608077,200,270,342,346,346,346
608078,200,436,342,436,346,435
608079,200,342,270,278,278,277
608080,200,342,270,347,347,347
609001,200,343,342,278,278,278
609002,200,343,270,278,278,347
609003,200,270,270,348,347,278
609004,200,270,270,278,348,436
609005,200,343,343,348,437,348
609006,200,344,343,348,348,437
609007,200,344,271,278,278,278
609008,200,344,271,349,278,278
609009,200,438,344,279,349,278
609010,200,344,344,349,349,279
609011,200,271,271,279,279,279
609012,200,345,345,349,279,279
609013,200,271,345,279,279,279
609014,200,345,271,279,279,279
609015,200,271,271,349,279,279
609016,200,272,271,349,279,279
609017,200,346,272,349,349,279
609018,200,272,272,280,279,279
609019,200,272,272,280,280,279
609020,200,272,272,280,280,280
609021,200,346,346,350,350,350
609022,200,346,346,350,280,280
609023,200,346,346,351,280,350
609024,200,441,346,351,351,350
609025,200,441,272,351,351,281
609026,200,273,272,281,281,281
609027,200,347,347,351,351,351
609028,200,273,347,281,281,351
609029,200,347,347,352,352,351
609030,200,347,347,352,352,281
609031,200,274,273,281,352,352
609032,200,348,348,352,352,281
609033,200,348,348,352,281,281
609034,200,274,348,352,352,352
609035,200,274,274,282,282,282
609036,200,349,274,352,352,282
609037,200,349,349,352,282,352
609038,200,274,349,353,352,352
609039,200,274,274,274,353,352
609040,200,444,274,349,282,353
609041,200,349,349,349,353,353
609042,200,275,275,274,282,282
609043,200,275,275,445,282,282
609044,200,349,349,349,354,353
609045,200,275,349,349,283,283
609046,200,275,349,275,354,354
609047,200,350,350,349,283,354
609048,200,350,275,275,354,354
609049,200,350,275,275,284,283
609050,200,350,350,350,355,355
609051,200,351,350,350,355,355
609052,200,276,351,350,355,355
609053,200,447,351,447,355,446
609054,200,351,276,276,284,284
609055,200,351,276,351,356,356
609056,200,352,351,276,284,284
609057,200,352,277,276,284,356
609058,200,277,277,352,356,284
609059,200,277,277,277,356,447
609060,200,352,352,352,448,356
609061,200,352,352,352,356,448
609062,200,352,277,277,285,285
609063,200,352,277,352,285,285
609064,200,449,352,277,357,285
609065,200,352,352,352,357,285
609066,200,278,277,277,285,285
609067,200,353,353,352,285,285
609068,200,278,353,278,285,285
609069,200,353,278,278,286,285
609070,200,278,278,353,286,286
609071,200,278,278,353,286,286
609072,200,354,278,353,358,286
609073,200,278,278,278,286,286
609074,200,278,278,278,287,286
609075,200,278,278,278,287,287
609076,200,355,354,354,359,359
609077,200,355,355,354,287,287
609078,200,355,355,355,287,359
609079,200,452,355,355,359,359
609080,200,452,279,355,359,287
609081,200,280,279,279,287,287
609082,200,356,356,355,359,359
609083,200,280,356,280,287,359
609084,200,356,356,356,360,359
609085,200,356,356,356,360,288
609086,200,280,280,280,360,360
609087,200,356,356,356,360,288
609088,200,356,356,356,280,288
609089,200,280,356,356,356,360
609090,200,280,280,280,280,288
610001,200,357,280,356,356,288
610002,200,357,357,356,280,361
610003,200,281,357,357,356,361
610004,200,281,281,281,357,361
610005,200,455,281,357,281,362
610006,200,358,357,357,357,362
610007,200,281,281,281,281,289
610008,200,281,281,456,281,289
610009,200,358,358,358,358,362
610010,200,281,358,358,281,290
610011,200,282,358,281,358,362
610012,200,359,359,358,281,362
610013,200,359,282,282,358,362
610014,200,359,282,282,282,290
610015,200,359,359,359,359,363
610016,200,359,359,359,359,363
610017,200,283,359,359,359,363
610018,200,458,359,458,359,457
610019,200,359,283,283,283,290
610020,200,359,283,359,359,364
610021,200,360,359,283,283,291
610022,200,360,283,283,283,364
610023,200,283,283,360,359,291
610024,200,283,283,283,360,458
610025,200,360,360,360,459,365
610026,200,361,360,360,360,459
610027,200,361,284,283,283,291
610028,200,361,284,361,283,291
610029,200,460,361,284,361,291
610030,200,361,361,361,361,292
610031,200,284,284,284,284,292
610032,200,362,362,361,284,292
610033,200,284,362,284,284,292
610034,200,362,284,284,284,292
610035,200,284,284,362,284,293
610036,200,285,284,362,284,293
610037,200,362,285,362,362,293
610038,200,285,285,285,284,293
610039,200,285,285,285,285,293
610040,200,285,285,285,285,293
610041,200,363,362,362,362,367
610042,200,363,363,362,285,293
610043,200,363,363,363,285,367
610044,200,463,363,363,363,367
610045,200,463,286,363,363,294
610046,200,286,286,286,286,294
610047,200,364,364,363,363,363
610048,200,286,364,286,286,363
610049,200,364,364,364,364,363
610050,200,364,364,364,364,286
610051,200,287,286,286,364,364
610052,200,365,365,364,364,286
610053,200,365,365,365,286,286
610054,200,287,365,365,365,364
610055,200,287,287,287,287,287
610056,200,366,287,365,365,287
610057,200,366,366,365,287,365
610058,200,287,366,366,365,365
610059,200,287,287,287,366,365
610060,200,466,287,366,287,366
610061,200,366,366,366,366,366
610062,200,288,288,287,287,287
610063,200,288,288,467,287,287
610064,200,366,366,366,366,366
610065,200,288,366,366,288,288
610066,200,289,366,288,366,366
610067,200,367,367,366,288,366
610068,200,367,289,289,366,366
610069,200,367,289,289,289,288
610070,200,367,367,367,367,367
610071,200,368,367,367,367,367
610072,200,289,368,367,367,367
610073,200,469,368,469,367,468
610074,200,368,289,289,289,289
610075,200,368,289,368,368,368
610076,200,369,368,289,289,289
610077,200,369,290,289,289,368
610078,200,290,290,369,368,289
610079,200,290,290,290,369,469
610080,200,369,369,369,470,369
610081,200,369,369,369,369,470
610082,200,369,290,290,290,290
610083,200,369,290,369,290,290
610084,200,471,369,290,369,290
610085,200,369,369,369,369,290
610086,200,291,290,290,290,290
610087,200,370,370,369,290,290
610088,200,291,370,291,290,290
610089,200,370,291,291,291,290
610090,200,291,291,370,291,291
610091,200,292,291,370,291,291
610092,200,371,292,370,370,291
610093,200,292,292,292,291,291
610094,200,292,292,292,292,291
610095,200,292,292,292,292,292
70001,1,1,1,1,1,1
70002,1,1,1,1,1,1
70003,1,1,1,1,1,1
70004,1,1,1,1,1,1
70005,1,10,10,10,10,10
70006,1,1,1,1,1,1
70007,1,1,1,1,1,1
70008,1,1,1,1,1,1
70009,1,1,1,1,1,1
70010,1,20,20,10,1,1
70011,1,20,20,10,5,5
70012,1,20,20,10,5,5
70013,1,20,20,10,5,5
70014,1,20,10,10,10,20
70015,1,20,20,20,20,10
70016,1,20,20,20,20,10
70017,1,20,20,20,20,10
70018,1,20,20,20,20,10
70019,1,20,20,20,20,10
70020,1,30,20,20,20,20
70021,1,30,20,20,20,20
70022,1,30,20,20,20,20
70023,1,30,10,20,20,20
70024,1,30,20,20,20,20
70025,1,40,20,20,20,20
70026,1,40,20,20,20,20
70027,1,40,20,20,20,20
70028,1,40,20,20,20,20
70029,1,40,20,20,20,20
70030,1,40,40,30,20,20
70031,1,20,40,30,20,20
70032,1,20,40,30,10,20
70033,1,20,40,30,30,30
70034,1,40,40,40,30,30
70035,20,68,68,68,41,41
70036,20,41,41,68,68,68
70037,20,9,68,68,41,41
70038,20,41,68,68,9,68
70039,20,68,68,68,41,41
70040,20,68,68,41,68,41
70041,20,68,68,68,41,41
70042,20,68,9,68,68,9
70043,20,68,41,68,41,41
70044,20,9,68,68,68,9
70045,20,51,51,51,51,51
70046,20,80,80,80,51,80
70047,20,80,23,80,80,80
70048,20,23,23,80,51,80
70049,20,80,51,80,51,51
70050,20,84,56,84,56,56
70051,20,56,84,84,28,28
70052,20,28,84,84,56,84
70053,20,84,56,84,56,56
70054,20,56,84,84,56,56
70055,20,61,61,88,88,61
70056,20,88,88,88,88,33
70057,20,61,88,88,61,33
70058,20,61,88,61,61,88
70059,20,33,88,33,88,88
70060,30,65,65,65,65,65
70061,30,92,92,92,65,65
70062,30,65,65,92,65,92
70063,30,37,92,92,37,65
70064,30,65,65,65,65,65
70065,30,41,41,41,69,69
70066,30,96,96,69,96,41
70067,30,69,69,69,69,69
70068,30,96,69,69,96,96
70069,30,69,69,96,69,41
70070,30,73,73,73,100,100
70071,30,100,45,100,73,73
70072,30,73,73,100,45,100
70073,30,100,73,73,73,73
70074,30,100,73,73,73,73
70075,30,77,48,77,77,77
70076,30,48,103,103,48,77
70077,30,48,77,103,77,77
70078,30,77,77,48,77,77
70079,30,77,77,103,48,103
70080,30,81,81,81,81,81
70081,30,81,106,106,81,106
70082,30,81,106,106,81,106
70083,30,81,81,81,81,81
70084,30,106,106,81,106,81
70085,30,79,51,105,105,51
70086,30,79,80,80,105,105
70087,30,80,79,80,105,105
70088,30,80,79,80,105,105
70089,30,80,109,80,105,105
70090,40,85,80,80,80,105
70091,40,50,80,80,80,105
70092,40,50,80,80,51,105
70093,40,50,80,80,80,105
70094,40,85,80,80,80,80
70095,40,56,80,80,51,51
70096,40,90,80,80,80,80
70097,40,80,80,80,120,80
70098,40,80,90,80,80,80
70099,40,80,56,51,51,51
70100,40,80,80,51,100,51
70101,40,80,51,130,80,51
70102,40,80,51,51,51,100
70103,40,100,51,80,80,80
70104,40,80,51,80,100,80
70105,40,100,80,43,80,80
70106,40,130,79,80,80,80
70107,40,100,51,79,80,80
70108,40,66,43,105,51,51
70109,40,130,79,51,51,51
70110,40,100,62,80,79,105
70111,40,51,90,105,100,51
70112,40,66,90,51,51,80
70113,40,51,90,100,80,80
70114,40,105,90,80,100,51
70115,40,80,130,80,51,100
70116,40,66,100,80,80,80
70117,40,51,51,51,100,100
70118,40,100,80,100,51,80
70119,40,66,66,105,80,80
70120,50,100,100,79,80,80
70121,50,130,66,79,80,51
70122,50,66,66,79,105,80
70123,50,100,66,43,51,80
70124,50,66,66,43,105,51
70125,50,100,100,100,80,51
70126,50,100,100,100,80,51
70127,50,66,130,66,80,80
70128,50,66,66,100,51,80
70129,50,100,66,100,80,80
70130,50,100,100,100,79,51
70131,50,100,66,66,43,51
70132,50,100,100,130,79,105
70133,50,66,100,100,43,80
70134,50,66,66,100,43,80
70135,50,100,100,100,100,80
70136,50,100,100,100,100,80
70137,50,100,100,100,66,51
70138,50,130,66,66,66,51
70139,50,100,100,100,100,51
70140,50,100,100,100,66,79
70141,50,100,100,100,66,66
70142,50,66,100,100,66,66
70143,50,130,66,100,100,100
70144,50,68,68,68,68,68
70145,50,131,131,131,131,68
70146,50,89,131,131,101,68
70147,50,89,131,101,101,131
70148,50,35,131,68,131,131
70149,50,89,101,101,101,101
70150,60,133,133,133,102,102
70151,60,91,102,133,102,133
70152,60,38,133,133,70,102
70153,60,91,102,102,102,102
70154,60,38,70,70,102,102
70155,60,135,135,104,135,72
70156,60,93,104,104,104,104
70157,60,135,104,104,135,135
70158,60,93,104,135,104,72
70159,60,93,104,104,135,135
70160,60,137,74,137,106,106
70161,60,95,106,137,74,137
70162,60,137,106,106,106,106
70163,60,137,106,106,106,106
70164,60,95,74,106,106,106
70165,60,45,139,139,76,107
70166,60,45,97,139,107,107
70167,60,97,97,76,107,107
70168,60,97,97,139,76,139
70169,60,97,97,107,107,107
70170,60,99,141,141,109,141
70171,70,99,141,141,109,141
70172,70,99,99,109,109,109
70173,70,141,141,109,141,109
70174,70,99,48,141,141,78
70175,70,51,101,111,80,80
70176,70,101,101,111,111,111
70177,70,101,101,111,143,111
70178,70,101,101,111,111,111
70179,70,101,51,80,80,80
70180,70,103,103,82,113,82
70181,70,103,54,145,113,82
70182,70,103,54,82,82,113
70183,70,103,54,113,113,113
70184,70,103,54,113,113,113
70185,70,105,105,57,114,114
70186,70,147,105,105,114,114
70187,70,105,57,105,114,114
70188,70,57,57,147,84,84
70189,70,147,105,57,84,84
70190,80,107,59,107,116,149
70191,80,59,107,149,116,86
70192,80,59,107,59,86,116
70193,80,59,107,107,116,116
70194,80,149,107,107,116,86
70195,80,109,151,109,88,118
70196,80,62,109,109,88,88
70197,80,62,62,62,118,118
70198,80,109,109,109,88,118
70199,80,62,62,151,118,118
70200,80,113,113,113,122,122
70201,80,155,67,113,122,91
70202,80,67,67,113,155,122
70203,80,113,67,67,91,122
70204,80,67,67,67,155,91
70205,80,116,116,116,116,95
70206,80,116,116,116,116,95
70207,80,72,159,72,116,126
70208,80,72,72,116,72,126
70209,80,116,72,116,116,126
70210,80,121,121,121,121,99
70211,80,121,78,78,78,99
70212,80,121,121,163,121,163
70213,80,78,121,121,78,130
70214,80,78,78,121,78,130
70215,80,125,125,125,125,125
70216,80,125,125,125,125,125
70217,80,125,125,125,83,83
70218,80,167,83,83,83,83
70219,80,125,125,125,125,83
70220,90,130,130,130,88,130
70221,90,130,130,130,88,88
70222,90,88,88,88,88,88
70223,90,171,88,130,130,130
70224,90,89,89,89,89,89
70225,90,74,131,131,89,89
70226,90,126,131,131,131,131
70227,90,126,131,131,172,131
70228,90,126,131,131,131,131
70229,90,126,89,89,89,89
70230,90,131,137,94,137,94
70231,90,131,94,177,137,94
70232,90,131,94,94,94,137
70233,90,131,94,137,137,137
70234,90,131,94,137,137,137
70235,90,138,138,100,143,143
70236,90,182,138,143,143,143
70237,90,138,88,143,143,143
70238,90,88,88,182,100,100
70239,90,182,138,100,100,100
70240,100,144,94,148,148,187
70241,100,94,144,187,148,106
70242,100,94,144,106,106,148
70243,100,94,144,148,148,148
70244,100,187,144,148,148,106
70245,100,149,192,149,111,154
70246,100,101,149,149,154,154
70247,100,101,101,101,154,154
70248,100,149,149,149,111,154
70249,100,101,101,192,154,154
70250,120,155,155,155,160,160
70251,120,197,106,155,160,116
70252,120,106,106,155,197,160
70253,120,155,106,106,116,160
70254,120,106,106,106,197,116
70255,120,161,161,161,161,122
70256,120,161,161,161,161,122
70257,120,112,202,112,161,165
70258,120,112,112,161,112,165
70259,120,161,112,161,161,165
70260,120,166,166,166,166,128
70261,120,166,118,118,118,128
70262,120,166,166,207,166,207
70263,120,118,166,166,118,170
70264,120,118,118,166,118,170
70265,120,172,172,172,172,172
70266,120,172,172,172,172,172
70267,120,172,172,172,125,125
70268,120,212,125,125,125,125
70269,120,172,172,172,172,125
70270,120,177,177,177,131,177
70271,120,177,177,177,131,131
70272,120,177,131,217,131,177
70273,120,217,131,177,177,177
70274,120,131,131,131,131,131
70275,120,125,183,183,138,138
70276,120,179,183,183,183,183
70277,120,179,183,183,222,183
70278,120,179,183,183,183,183
70279,120,179,138,138,138,138
70280,120,185,188,144,188,144
70281,120,185,144,227,188,144
70282,120,185,144,144,144,188
70283,120,185,144,188,188,188
70284,120,185,144,188,188,188
70285,120,190,190,151,194,194
70286,120,232,190,194,194,194
70287,120,190,141,194,194,194
70288,120,141,141,232,151,151
70289,120,232,190,151,151,151
70290,120,196,147,200,200,237
70291,120,147,196,237,200,157
70292,120,147,196,157,157,200
70293,120,147,196,200,200,200
70294,120,237,196,200,200,157
70295,120,201,242,201,163,204
70296,120,153,201,201,204,204
70297,120,153,153,153,204,204
70298,120,201,201,201,163,204
70299,120,153,153,242,204,204
70300,150,206,206,206,209,209
70301,150,247,160,206,209,168
70302,150,160,160,206,247,209
70303,150,206,160,160,168,209
70304,150,160,160,160,247,168
70305,150,210,210,210,210,173
70306,150,210,210,210,210,173
70307,150,165,252,165,210,214
70308,150,165,165,210,165,214
70309,150,210,165,210,210,214
70310,150,215,215,215,215,178
70311,150,215,170,170,170,178
70312,150,215,215,257,215,257
70313,150,170,215,215,170,218
70314,150,170,170,215,170,218
70315,150,220,220,220,220,220
70316,150,220,220,220,220,220
70317,150,220,220,220,175,175
70318,150,262,175,175,175,175
70319,150,220,220,220,220,175
70320,150,224,224,224,180,224
70321,150,224,224,224,180,180
70322,150,180,267,180,180,180
70323,150,267,180,224,224,224
70324,150,180,224,180,180,180
70325,150,175,227,227,184,184
70326,150,224,227,227,227,227
70327,150,224,227,227,272,227
70328,150,224,227,227,227,227
70329,150,224,184,184,184,184
70330,150,228,231,189,231,189
70331,150,228,189,277,231,189
70332,150,228,189,189,189,231
70333,150,228,189,231,231,231
70334,150,228,189,231,231,231
70335,150,232,232,193,235,235
70336,150,282,232,235,235,235
70337,150,232,185,235,235,235
70338,150,185,185,282,193,193
70339,150,282,232,193,193,193
70340,150,236,189,239,239,287
70341,150,189,236,287,239,197
70342,150,189,236,197,197,239
70343,150,189,236,239,239,239
70344,150,287,236,239,239,197
70345,150,240,292,240,201,243
70346,150,292,240,240,201,243
70347,150,193,193,193,243,243
70348,150,240,240,240,201,243
70349,150,193,193,292,243,243
70350,170,244,244,244,247,247
70351,170,297,198,244,247,205
70352,170,198,198,244,297,247
70353,170,244,198,198,205,247
70354,170,198,198,198,297,205
70355,170,247,247,247,247,208
70356,170,247,247,247,247,208
70357,170,202,302,202,247,251
70358,170,202,202,247,202,251
70359,170,247,202,247,247,251
70360,170,251,251,251,251,212
70361,170,251,205,205,205,212
70362,170,251,251,307,251,307
70363,170,205,251,251,205,254
70364,170,205,205,251,205,254
70365,170,255,255,255,255,255
70366,170,255,255,255,255,255
70367,170,255,255,255,209,209
70368,170,312,209,209,209,209
70369,170,255,255,255,255,209
70370,170,259,259,259,212,259
70371,170,259,259,259,212,212
70372,170,212,317,212,317,212
70373,170,317,212,259,259,259
70374,170,212,212,212,212,212
70375,170,259,263,263,263,263
70376,170,259,263,263,263,263
70377,170,259,263,263,322,263
70378,170,259,263,263,263,263
70379,170,259,216,216,216,216
70380,170,263,267,219,267,219
70381,170,263,219,327,267,219
70382,170,263,219,219,219,267
70383,170,263,219,267,267,267
70384,170,263,219,267,267,267
70385,170,267,267,223,271,271
70386,170,332,267,271,271,271
70387,170,267,215,271,271,271
70388,170,215,215,332,223,223
70389,170,332,267,223,223,223
70390,170,271,218,274,274,337
70391,170,218,271,337,274,226
70392,170,218,271,226,226,274
70393,170,218,271,274,274,274
70394,170,337,271,274,274,226
70395,170,274,342,274,229,278
70396,170,222,222,274,229,278
70397,170,222,222,222,278,278
70398,170,274,274,274,229,278
70399,170,222,222,342,278,278
70400,200,278,278,278,282,282
70401,200,347,225,278,282,232
70402,200,225,225,278,347,282
70403,200,278,225,225,232,282
70404,200,225,225,225,347,232
70405,200,282,282,282,282,235
70406,200,282,282,282,282,235
70407,200,228,352,228,282,286
70408,200,228,228,282,228,286
70409,200,282,228,282,282,286
70410,200,286,286,286,286,237
70411,200,286,231,231,231,237
70412,200,286,286,357,286,357
70413,200,231,286,286,231,290
70414,200,231,231,286,231,290
70415,200,290,290,290,290,290
70416,200,290,290,290,290,290
70417,200,290,290,290,234,234
70418,200,362,234,234,234,234
70419,200,290,290,290,290,234
70420,200,294,294,294,237,294
70421,200,294,294,294,237,237
70422,200,237,237,237,237,237
70423,200,367,237,294,294,294
70424,200,294,294,294,294,294
70425,200,231,240,240,240,240
70426,200,372,372,372,298,298
70427,200,293,298,372,298,372
70428,200,231,372,372,240,298
70429,200,293,298,298,298,298
70430,200,234,243,243,301,301
70431,200,377,377,301,377,243
70432,200,297,301,301,301,301
70433,200,377,301,301,377,377
70434,200,297,301,377,301,243
70435,200,301,301,305,382,382
70436,200,382,237,382,305,305
70437,200,301,301,382,246,382
70438,200,382,301,305,305,305
70439,200,382,301,305,305,305
70440,200,305,240,309,309,309
70441,200,240,387,387,249,309
70442,200,240,305,387,309,309
70443,200,305,305,249,309,309
70444,200,305,305,387,249,387
70445,200,308,308,308,313,313
70446,200,308,392,392,313,392
70447,200,308,392,392,313,392
70448,200,308,308,308,313,313
70449,200,392,392,308,392,313
70450,200,312,246,397,397,254
70451,200,246,312,312,254,254
70452,200,312,312,312,317,317
70453,200,312,312,312,397,317
70454,200,312,312,312,317,317
70455,200,316,249,249,249,257
70456,200,316,316,249,316,257
70457,200,316,249,402,316,257
70458,200,316,249,249,249,321
70459,200,316,249,316,316,321
70460,200,320,252,320,320,325
70461,200,320,320,252,320,325
70462,200,407,320,320,320,325
70463,200,320,252,320,320,325
70464,200,252,252,407,252,260
70465,200,412,324,255,255,255
70466,200,324,255,324,324,412
70467,200,255,324,412,324,255
70468,200,255,324,255,255,324
70469,200,255,324,324,324,324
70470,250,417,328,328,328,258
70471,250,328,417,328,258,328
70472,250,258,258,328,258,328
70473,250,258,258,258,328,328
70474,250,328,328,328,258,328
70475,250,261,261,422,332,332
70476,250,332,332,332,332,332
70477,250,422,261,332,332,261
70478,250,261,261,332,422,332
70479,250,332,261,261,261,332
70480,250,264,264,264,427,264
70481,250,335,335,335,335,264
70482,250,335,335,335,335,264
70483,250,264,427,264,335,335
70484,250,264,264,335,264,335
70485,250,339,267,339,339,339
70486,250,339,339,339,339,267
70487,250,339,267,267,267,267
70488,250,339,339,432,339,432
70489,250,267,339,339,267,339
70490,250,270,270,343,270,343
70491,250,343,343,343,343,343
70492,250,343,343,343,343,343
70493,250,343,343,343,270,270
70494,250,437,270,270,270,270
70495,250,347,347,347,347,273
70496,250,347,347,347,273,347
70497,250,347,347,347,273,273
70498,250,273,273,273,273,273
70499,250,442,273,347,347,347
70500,250,278,278,278,278,278
70501,99,400,508,400,400,508
70502,99,512,512,512,512,512
70503,99,516,406,406,516,516
70504,99,409,409,520,409,409
70505,99,412,412,412,412,412
70506,99,528,528,528,528,415
70507,99,418,532,532,532,532
70508,99,421,536,536,536,536
70509,99,424,540,540,540,540
70510,99,427,427,427,427,427
70511,99,548,548,430,430,430
70512,99,433,433,552,552,433
70513,99,436,436,556,556,436
70514,99,439,439,439,560,560
70515,99,564,564,442,442,442
70516,99,568,568,568,445,445
70517,99,448,572,572,448,572
70518,99,576,451,451,576,576
70519,99,454,454,454,454,580
70520,99,457,457,457,457,457
70521,99,588,588,588,460,460
70522,99,592,592,463,592,463
70523,99,596,596,596,466,466
70524,99,469,469,469,469,469
70525,99,472,472,472,604,472
70526,99,608,608,608,608,475
70527,99,612,612,612,478,478
70528,99,616,616,481,481,481
70529,99,484,484,484,620,620
70530,99,487,487,487,487,487
70531,99,490,628,628,628,628
70532,99,632,632,493,493,632
70533,99,496,496,636,636,496
70534,99,499,640,640,499,640
70535,99,502,502,502,502,502
70536,99,505,648,648,505,505
70537,99,652,652,508,508,508
70538,99,511,656,656,656,656
70539,99,514,514,514,514,514
70540,99,517,517,517,517,517
70541,99,668,668,668,668,668
70542,99,523,523,523,672,672
70543,99,676,526,676,676,676
70544,99,529,680,529,529,680
70545,99,532,684,532,684,532
70546,99,535,688,535,688,535
70547,99,538,692,692,692,538
70548,99,541,696,696,696,696
70549,99,544,700,544,700,544
70550,99,547,547,547,547,547
70551,99,708,708,708,708,708
70552,99,712,712,712,712,712
70553,99,716,716,716,716,716
70554,99,720,720,720,720,720
70555,99,724,724,724,724,724
70556,99,565,565,728,728,565
70557,99,568,568,568,568,568
70558,99,571,736,571,571,571
70559,99,574,574,574,574,574
70560,99,577,577,577,577,577
70561,99,748,580,748,580,748
70562,99,583,752,583,752,583
70563,99,586,756,586,756,586
70564,99,589,589,589,589,589
70565,99,592,592,592,592,592
70566,99,595,595,595,595,595
70567,99,598,598,598,598,598
70568,99,601,776,601,601,776
70569,99,604,780,780,604,780
70570,99,607,784,607,607,607
70571,99,610,788,788,610,610
70572,99,613,613,792,613,792
70573,99,796,796,796,796,616
70574,99,619,800,800,619,619
70575,99,622,622,622,622,622
70576,99,625,808,808,808,808
70577,99,628,628,628,628,628
70578,99,631,631,816,631,631
70579,99,634,820,634,820,634
70580,99,637,637,824,637,637
70581,99,640,640,640,640,640
70582,99,643,643,643,643,643
70583,99,836,646,646,646,836
70584,99,649,649,649,649,649
70585,99,652,652,652,652,652
70586,99,655,848,848,655,655
70587,99,658,658,658,658,658
70588,99,661,661,856,661,661
70589,99,664,664,664,664,664
70590,99,667,667,667,667,667
70591,99,670,670,670,670,670
70592,99,673,673,673,673,872
70593,99,676,676,676,676,676
70594,99,679,679,679,679,679
70595,99,682,682,682,884,682
70596,99,685,685,685,685,685
70597,99,688,892,688,688,688
70598,99,691,691,691,691,691
70599,99,694,900,694,694,694
70600,99,697,904,697,697,697
70650,150,650,650,650,650,650
70655,150,655,655,655,655,655
70660,150,660,660,660,660,660
70665,150,665,665,665,665,665
70670,150,670,670,670,670,670
70675,150,675,675,675,675,675
70680,150,680,680,680,680,680
70685,150,685,685,685,685,685
70690,150,690,690,690,690,690
70695,150,695,695,695,695,695
70700,150,700,700,700,700,700
70705,150,705,705,705,705,705
70710,150,710,710,710,710,710
70715,150,715,715,715,715,715
70720,150,720,720,720,720,720
70725,150,725,725,725,725,725
70730,150,730,730,730,730,730
70735,150,735,735,735,735,735
70740,150,740,740,740,740,740
70745,150,745,745,745,745,745
30099,99,300,300,300,300,300
45120,120,450,450,450,450,450
65150,150,650,650,650,650,650
40180,180,400,400,400,400,400
50200,200,500,500,500,500,500
20099,99,200,200,200,200,200
30120,120,300,300,300,300,300
45150,150,450,450,450,450,450
30180,180,300,300,300,300,300
40200,200,400,400,400,400,400
