id,star,rarity,exp_required,exp_gain,option_type,option_param_1,option_param_2,option_param_3,option_param_4,option_param_5,option_param_6
354330001,0,0,999999,0,3,0.5,,,,,30001
,,,,,4,2,,,,,30001
1001,1,1,0,10,1,1,1,3,,,
2001,1,2,0,20,1,1,75,3,,,
,,,,,2,0.05,,5,,,
2002,2,2,40,60,1,1,150,3,,,
,,,,,2,0.08,,5,,,
2003,3,2,40,100,1,1,225,3,,,
,,,,,2,0.11,,5,,,
3001,1,2,0,20,1,1,75,3,,,
,,,,,2,0.05,,1,,,
3002,2,2,40,60,1,1,150,3,,,
,,,,,2,0.08,,1,,,
3003,3,2,40,100,1,1,225,3,,,
,,,,,2,0.11,,1,,,
4001,1,2,0,20,1,1,75,3,,,
,,,,,2,0.05,,4,,,
4002,2,2,40,60,1,1,150,3,,,
,,,,,2,0.08,,4,,,
4003,3,2,40,100,1,1,225,3,,,
,,,,,2,0.11,,4,,,
5001,1,2,0,20,1,1,75,3,,,
,,,,,2,0.05,,2,,,
5002,2,2,40,60,1,1,150,3,,,
,,,,,2,0.08,,2,,,
5003,3,2,40,100,1,1,225,3,,,
,,,,,2,0.11,,2,,,
6001,1,2,0,20,1,1,75,3,,,
,,,,,2,0.05,,3,,,
6002,2,2,40,60,1,1,150,3,,,
,,,,,2,0.08,,3,,,
6003,3,2,40,100,1,1,225,3,,,
,,,,,2,0.11,,3,,,
7001,1,3,0,40,1,1,200,3,,,
,,,,,2,0.1,,5,,,
7002,2,3,190,230,1,1,300,3,,,
,,,,,2,0.15,,5,,,
7003,3,3,190,420,1,1,400,3,,,
,,,,,2,0.2,,5,,,
7004,4,3,190,610,1,1,500,3,,,
,,,,,2,0.25,,5,,,
8001,1,3,0,40,1,1,200,3,,,
,,,,,2,0.1,,1,,,
8002,2,3,190,230,1,1,300,3,,,
,,,,,2,0.15,,1,,,
8003,3,3,190,420,1,1,400,3,,,
,,,,,2,0.2,,1,,,
8004,4,3,190,610,1,1,500,3,,,
,,,,,2,0.25,,1,,,
9001,1,3,0,40,1,1,200,3,,,
,,,,,2,0.1,,4,,,
9002,2,3,190,230,1,1,300,3,,,
,,,,,2,0.15,,4,,,
9003,3,3,190,420,1,1,400,3,,,
,,,,,2,0.2,,4,,,
9004,4,3,190,610,1,1,500,3,,,
,,,,,2,0.25,,4,,,
10001,1,3,0,40,1,1,200,3,,,
,,,,,2,0.1,,2,,,
10002,2,3,190,230,1,1,300,3,,,
,,,,,2,0.15,,2,,,
10003,3,3,190,420,1,1,400,3,,,
,,,,,2,0.2,,2,,,
10004,4,3,190,610,1,1,500,3,,,
,,,,,2,0.25,,2,,,
11001,1,3,0,40,1,1,200,3,,,
,,,,,2,0.1,,3,,,
11002,2,3,190,230,1,1,300,3,,,
,,,,,2,0.15,,3,,,
11003,3,3,190,420,1,1,400,3,,,
,,,,,2,0.2,,3,,,
11004,4,3,190,610,1,1,500,3,,,
,,,,,2,0.25,,3,,,
12001,1,3,0,40,1,3,1200,3,,,
,,,,,1,4,15,3,,,
12002,2,3,190,230,1,3,1550,3,,,
,,,,,1,4,20,3,,,
12003,3,3,190,420,1,3,1900,3,,,
,,,,,1,4,25,3,,,
12004,4,3,190,610,1,3,2250,3,,,
,,,,,1,4,30,3,,,
13001,1,3,0,40,1,1,0.064,1,,,
,,,,,1,3,0.064,1,,,
13002,2,3,190,230,1,1,0.076,1,,,
,,,,,1,3,0.076,1,,,
13003,3,3,190,420,1,1,0.088,1,,,
,,,,,1,3,0.088,1,,,
13004,4,3,190,610,1,1,0.1,1,,,
,,,,,1,3,0.1,1,,,
14001,1,4,0,150,1,1,500,3,,,
,,,,,2,0.15,,5,,,
14002,2,4,580,730,1,1,675,3,,,
,,,,,2,0.22,,5,,,
14003,3,4,580,1310,1,1,850,3,,,
,,,,,2,0.29,,5,,,
14004,4,4,580,1890,1,1,1025,3,,,
,,,,,2,0.36,,5,,,
14005,5,4,580,2470,1,1,1200,3,,,
,,,,,2,0.43,,5,,,
15001,1,4,0,150,1,1,500,3,,,
,,,,,2,0.15,,1,,,
15002,2,4,580,730,1,1,675,3,,,
,,,,,2,0.22,,1,,,
15003,3,4,580,1310,1,1,850,3,,,
,,,,,2,0.29,,1,,,
15004,4,4,580,1890,1,1,1025,3,,,
,,,,,2,0.36,,1,,,
15005,5,4,580,2470,1,1,1200,3,,,
,,,,,2,0.43,,1,,,
16001,1,4,0,150,1,1,500,3,,,
,,,,,2,0.15,,4,,,
16002,2,4,580,730,1,1,675,3,,,
,,,,,2,0.22,,4,,,
16003,3,4,580,1310,1,1,850,3,,,
,,,,,2,0.29,,4,,,
16004,4,4,580,1890,1,1,1025,3,,,
,,,,,2,0.36,,4,,,
16005,5,4,580,2470,1,1,1200,3,,,
,,,,,2,0.43,,4,,,
17001,1,4,0,150,1,1,500,3,,,
,,,,,2,0.15,,2,,,
17002,2,4,580,730,1,1,675,3,,,
,,,,,2,0.22,,2,,,
17003,3,4,580,1310,1,1,850,3,,,
,,,,,2,0.29,,2,,,
17004,4,4,580,1890,1,1,1025,3,,,
,,,,,2,0.36,,2,,,
17005,5,4,580,2470,1,1,1200,3,,,
,,,,,2,0.43,,2,,,
18001,1,4,0,150,1,1,500,3,,,
,,,,,2,0.15,,3,,,
18002,2,4,580,730,1,1,675,3,,,
,,,,,2,0.22,,3,,,
18003,3,4,580,1310,1,1,850,3,,,
,,,,,2,0.29,,3,,,
18004,4,4,580,1890,1,1,1025,3,,,
,,,,,2,0.36,,3,,,
18005,5,4,580,2470,1,1,1200,3,,,
,,,,,2,0.43,,3,,,
19001,1,4,0,150,1,3,9240,3,,,
,,,,,1,3,0.215,1,,,
19002,2,4,580,730,1,3,11880,3,,,
,,,,,1,3,0.245,1,,,
19003,3,4,580,1310,1,3,14520,3,,,
,,,,,1,3,0.275,1,,,
19004,4,4,580,1890,1,3,17160,3,,,
,,,,,1,3,0.305,1,,,
19005,5,4,580,2470,1,3,19800,3,,,
,,,,,1,3,0.335,1,,,
20001,1,4,0,150,1,4,25,3,,,
,,,,,1,50,30,3,,,
20002,2,4,580,730,1,4,31,3,,,
,,,,,1,50,35,3,,,
20003,3,4,580,1310,1,4,37,3,,,
,,,,,1,50,40,3,,,
20004,4,4,580,1890,1,4,43,3,,,
,,,,,1,50,45,3,,,
20005,5,4,580,2470,1,4,49,3,,,
,,,,,1,50,50,3,,,
21001,1,4,0,150,1,1,616,3,,,
,,,,,1,1,0.215,1,,,
21002,2,4,580,730,1,1,792,3,,,
,,,,,1,1,0.245,1,,,
21003,3,4,580,1310,1,1,968,3,,,
,,,,,1,1,0.275,1,,,
21004,4,4,580,1890,1,1,1144,3,,,
,,,,,1,1,0.305,1,,,
21005,5,4,580,2470,1,1,1320,3,,,
,,,,,1,1,0.335,1,,,
22001,1,4,0,150,1,10,0.14,1,,,
,,,,,1,11,0.074,1,,,
22002,2,4,580,730,1,10,0.2,1,,,
,,,,,1,11,0.088,1,,,
22003,3,4,580,1310,1,10,0.26,1,,,
,,,,,1,11,0.102,1,,,
22004,4,4,580,1890,1,10,0.32,1,,,
,,,,,1,11,0.116,1,,,
22005,5,4,580,2470,1,10,0.38,1,,,
,,,,,1,11,0.13,1,,,
23001,1,4,0,150,1,3,0.215,1,,,
,,,,,1,3,9240,3,,,
,,,,,1,3,0.07,1,,2,
,,,,,1,1,0.07,1,,2,
23002,2,4,580,730,1,3,0.245,1,,,
,,,,,1,3,11880,3,,,
,,,,,1,3,0.08,1,,2,
,,,,,1,1,0.08,1,,2,
23003,3,4,580,1310,1,3,0.275,1,,,
,,,,,1,3,14520,3,,,
,,,,,1,3,0.09,1,,2,
,,,,,1,1,0.09,1,,2,
23004,4,4,580,1890,1,3,0.305,1,,,
,,,,,1,3,17160,3,,,
,,,,,1,3,0.1,1,,2,
,,,,,1,1,0.1,1,,2,
23005,5,4,580,2470,1,3,0.335,1,,,
,,,,,1,3,19800,3,,,
,,,,,1,3,0.11,1,,2,
,,,,,1,1,0.11,1,,2,
24001,1,4,0,150,1,1,0.215,1,,,
,,,,,1,1,616,3,,,
,,,,,1,3,0.07,1,,2,
,,,,,1,1,0.07,1,,2,
24002,2,4,580,730,1,1,0.245,1,,,
,,,,,1,1,792,3,,,
,,,,,1,3,0.08,1,,2,
,,,,,1,1,0.08,1,,2,
24003,3,4,580,1310,1,1,0.275,1,,,
,,,,,1,1,968,3,,,
,,,,,1,3,0.09,1,,2,
,,,,,1,1,0.09,1,,2,
24004,4,4,580,1890,1,1,0.305,1,,,
,,,,,1,1,1144,3,,,
,,,,,1,3,0.1,1,,2,
,,,,,1,1,0.1,1,,2,
24005,5,4,580,2470,1,1,0.335,1,,,
,,,,,1,1,1320,3,,,
,,,,,1,3,0.11,1,,2,
,,,,,1,1,0.11,1,,2,
25001,1,4,0,150,1,3,0.215,1,,,
,,,,,1,3,9240,3,,,
,,,,,1,3,0.07,1,,1,
,,,,,1,1,0.07,1,,1,
25002,2,4,580,730,1,3,0.245,1,,,
,,,,,1,3,11880,3,,,
,,,,,1,3,0.08,1,,1,
,,,,,1,1,0.08,1,,1,
25003,3,4,580,1310,1,3,0.275,1,,,
,,,,,1,3,14520,3,,,
,,,,,1,3,0.09,1,,1,
,,,,,1,1,0.09,1,,1,
25004,4,4,580,1890,1,3,0.305,1,,,
,,,,,1,3,17160,3,,,
,,,,,1,3,0.1,1,,1,
,,,,,1,1,0.1,1,,1,
25005,5,4,580,2470,1,3,0.335,1,,,
,,,,,1,3,19800,3,,,
,,,,,1,3,0.11,1,,1,
,,,,,1,1,0.11,1,,1,
26001,1,4,0,150,1,1,0.215,1,,,
,,,,,1,1,616,3,,,
,,,,,1,3,0.07,1,,1,
,,,,,1,1,0.07,1,,1,
26002,2,4,580,730,1,1,0.245,1,,,
,,,,,1,1,792,3,,,
,,,,,1,3,0.08,1,,1,
,,,,,1,1,0.08,1,,1,
26003,3,4,580,1310,1,1,0.275,1,,,
,,,,,1,1,968,3,,,
,,,,,1,3,0.09,1,,1,
,,,,,1,1,0.09,1,,1,
26004,4,4,580,1890,1,1,0.305,1,,,
,,,,,1,1,1144,3,,,
,,,,,1,3,0.1,1,,1,
,,,,,1,1,0.1,1,,1,
26005,5,4,580,2470,1,1,0.335,1,,,
,,,,,1,1,1320,3,,,
,,,,,1,3,0.11,1,,1,
,,,,,1,1,0.11,1,,1,
27001,1,4,0,150,1,3,0.215,1,,,
,,,,,1,3,9240,3,,,
,,,,,1,3,0.07,1,,3,
,,,,,1,1,0.07,1,,3,
27002,2,4,580,730,1,3,0.245,1,,,
,,,,,1,3,11880,3,,,
,,,,,1,3,0.08,1,,3,
,,,,,1,1,0.08,1,,3,
27003,3,4,580,1310,1,3,0.275,1,,,
,,,,,1,3,14520,3,,,
,,,,,1,3,0.09,1,,3,
,,,,,1,1,0.09,1,,3,
27004,4,4,580,1890,1,3,0.305,1,,,
,,,,,1,3,17160,3,,,
,,,,,1,3,0.1,1,,3,
,,,,,1,1,0.1,1,,3,
27005,5,4,580,2470,1,3,0.335,1,,,
,,,,,1,3,19800,3,,,
,,,,,1,3,0.11,1,,3,
,,,,,1,1,0.11,1,,3,
28001,1,4,0,150,1,1,0.215,1,,,
,,,,,1,1,616,3,,,
,,,,,1,3,0.07,1,,3,
,,,,,1,1,0.07,1,,3,
28002,2,4,580,730,1,1,0.245,1,,,
,,,,,1,1,792,3,,,
,,,,,1,3,0.08,1,,3,
,,,,,1,1,0.08,1,,3,
28003,3,4,580,1310,1,1,0.275,1,,,
,,,,,1,1,968,3,,,
,,,,,1,3,0.09,1,,3,
,,,,,1,1,0.09,1,,3,
28004,4,4,580,1890,1,1,0.305,1,,,
,,,,,1,1,1144,3,,,
,,,,,1,3,0.1,1,,3,
,,,,,1,1,0.1,1,,3,
28005,5,4,580,2470,1,1,0.335,1,,,
,,,,,1,1,1320,3,,,
,,,,,1,3,0.11,1,,3,
,,,,,1,1,0.11,1,,3,
29001,1,4,0,150,1,3,0.215,1,,,
,,,,,1,3,9240,3,,,
,,,,,1,3,0.07,1,,4,
,,,,,1,1,0.07,1,,4,
29002,2,4,580,730,1,3,0.245,1,,,
,,,,,1,3,11880,3,,,
,,,,,1,3,0.08,1,,4,
,,,,,1,1,0.08,1,,4,
29003,3,4,580,1310,1,3,0.275,1,,,
,,,,,1,3,14520,3,,,
,,,,,1,3,0.09,1,,4,
,,,,,1,1,0.09,1,,4,
29004,4,4,580,1890,1,3,0.305,1,,,
,,,,,1,3,17160,3,,,
,,,,,1,3,0.1,1,,4,
,,,,,1,1,0.1,1,,4,
29005,5,4,580,2470,1,3,0.335,1,,,
,,,,,1,3,19800,3,,,
,,,,,1,3,0.11,1,,4,
,,,,,1,1,0.11,1,,4,
30001,1,4,0,150,1,1,0.215,1,,,
,,,,,1,1,616,3,,,
,,,,,1,3,0.07,1,,4,
,,,,,1,1,0.07,1,,4,
30002,2,4,580,730,1,1,0.245,1,,,
,,,,,1,1,792,3,,,
,,,,,1,3,0.08,1,,4,
,,,,,1,1,0.08,1,,4,
30003,3,4,580,1310,1,1,0.275,1,,,
,,,,,1,1,968,3,,,
,,,,,1,3,0.09,1,,4,
,,,,,1,1,0.09,1,,4,
30004,4,4,580,1890,1,1,0.305,1,,,
,,,,,1,1,1144,3,,,
,,,,,1,3,0.1,1,,4,
,,,,,1,1,0.1,1,,4,
30005,5,4,580,2470,1,1,0.335,1,,,
,,,,,1,1,1320,3,,,
,,,,,1,3,0.11,1,,4,
,,,,,1,1,0.11,1,,4,
31001,1,4,0,150,1,3,0.215,1,,,
,,,,,1,3,9240,3,,,
,,,,,1,3,0.07,1,,5,
,,,,,1,1,0.07,1,,5,
31002,2,4,580,730,1,3,0.245,1,,,
,,,,,1,3,11880,3,,,
,,,,,1,3,0.08,1,,5,
,,,,,1,1,0.08,1,,5,
31003,3,4,580,1310,1,3,0.275,1,,,
,,,,,1,3,14520,3,,,
,,,,,1,3,0.09,1,,5,
,,,,,1,1,0.09,1,,5,
31004,4,4,580,1890,1,3,0.305,1,,,
,,,,,1,3,17160,3,,,
,,,,,1,3,0.1,1,,5,
,,,,,1,1,0.1,1,,5,
31005,5,4,580,2470,1,3,0.335,1,,,
,,,,,1,3,19800,3,,,
,,,,,1,3,0.11,1,,5,
,,,,,1,1,0.11,1,,5,
32001,1,4,0,150,1,1,0.215,1,,,
,,,,,1,1,616,3,,,
,,,,,1,1,0.07,1,,5,
,,,,,1,3,0.07,1,,5,
32002,2,4,580,730,1,1,0.245,1,,,
,,,,,1,1,792,3,,,
,,,,,1,3,0.08,1,,5,
,,,,,1,1,0.08,1,,5,
32003,3,4,580,1310,1,1,0.275,1,,,
,,,,,1,1,968,3,,,
,,,,,1,3,0.09,1,,5,
,,,,,1,1,0.09,1,,5,
32004,4,4,580,1890,1,1,0.305,1,,,
,,,,,1,1,1144,3,,,
,,,,,1,3,0.1,1,,5,
,,,,,1,1,0.1,1,,5,
32005,5,4,580,2470,1,1,0.335,1,,,
,,,,,1,1,1320,3,,,
,,,,,1,3,0.11,1,,5,
,,,,,1,1,0.11,1,,5,
33001,1,4,0,150,1,3,0.215,1,,,
,,,,,1,3,9240,3,,,
,,,,,1,3,0.07,1,,6,
,,,,,1,1,0.07,1,,6,
33002,2,4,580,730,1,3,0.245,1,,,
,,,,,1,3,11880,3,,,
,,,,,1,3,0.08,1,,6,
,,,,,1,1,0.08,1,,6,
33003,3,4,580,1310,1,3,0.275,1,,,
,,,,,1,3,14520,3,,,
,,,,,1,3,0.09,1,,6,
,,,,,1,1,0.09,1,,6,
33004,4,4,580,1890,1,3,0.305,1,,,
,,,,,1,3,17160,3,,,
,,,,,1,3,0.1,1,,6,
,,,,,1,1,0.1,1,,6,
33005,5,4,580,2470,1,3,0.335,1,,,
,,,,,1,3,19800,3,,,
,,,,,1,3,0.11,1,,6,
,,,,,1,1,0.11,1,,6,
34001,1,4,0,150,1,1,0.215,1,,,
,,,,,1,1,616,3,,,
,,,,,1,3,0.07,1,,6,
,,,,,1,1,0.07,1,,6,
34002,2,4,580,730,1,1,0.245,1,,,
,,,,,1,1,792,3,,,
,,,,,1,3,0.08,1,,6,
,,,,,1,1,0.08,1,,6,
34003,3,4,580,1310,1,1,0.275,1,,,
,,,,,1,1,968,3,,,
,,,,,1,3,0.09,1,,6,
,,,,,1,1,0.09,1,,6,
34004,4,4,580,1890,1,1,0.305,1,,,
,,,,,1,1,1144,3,,,
,,,,,1,3,0.1,1,,6,
,,,,,1,1,0.1,1,,6,
34005,5,4,580,2470,1,1,0.335,1,,,
,,,,,1,1,1320,3,,,
,,,,,1,3,0.11,1,,6,
,,,,,1,1,0.11,1,,6,
35001,1,5,0,1000,1,1,1000,3,,,
,,,,,2,0.2,,5,,,
35002,2,5,1680,2680,1,1,1300,3,,,
,,,,,2,0.29,,5,,,
35003,3,5,1680,4360,1,1,1600,3,,,
,,,,,2,0.38,,5,,,
35004,4,5,1680,6040,1,1,1900,3,,,
,,,,,2,0.47,,5,,,
35005,5,5,1680,7720,1,1,2200,3,,,
,,,,,2,0.56,,5,,,
35006,6,5,1680,9400,1,1,2500,3,,,
,,,,,2,0.65,,5,,,
36001,1,5,0,1000,1,1,1000,3,,,
,,,,,2,0.2,,1,,,
36002,2,5,1680,2680,1,1,1300,3,,,
,,,,,2,0.29,,1,,,
36003,3,5,1680,4360,1,1,1600,3,,,
,,,,,2,0.38,,1,,,
36004,4,5,1680,6040,1,1,1900,3,,,
,,,,,2,0.47,,1,,,
36005,5,5,1680,7720,1,1,2200,3,,,
,,,,,2,0.56,,1,,,
36006,6,5,1680,9400,1,1,2500,3,,,
,,,,,2,0.65,,1,,,
37001,1,5,0,1000,1,1,1000,3,,,
,,,,,2,0.2,,4,,,
37002,2,5,1680,2680,1,1,1300,3,,,
,,,,,2,0.29,,4,,,
37003,3,5,1680,4360,1,1,1600,3,,,
,,,,,2,0.38,,4,,,
37004,4,5,1680,6040,1,1,1900,3,,,
,,,,,2,0.47,,4,,,
37005,5,5,1680,7720,1,1,2200,3,,,
,,,,,2,0.56,,4,,,
37006,6,5,1680,9400,1,1,2500,3,,,
,,,,,2,0.65,,4,,,
38001,1,5,0,1000,1,1,1000,3,,,
,,,,,2,0.2,,2,,,
38002,2,5,1680,2680,1,1,1300,3,,,
,,,,,2,0.29,,2,,,
38003,3,5,1680,4360,1,1,1600,3,,,
,,,,,2,0.38,,2,,,
38004,4,5,1680,6040,1,1,1900,3,,,
,,,,,2,0.47,,2,,,
38005,5,5,1680,7720,1,1,2200,3,,,
,,,,,2,0.56,,2,,,
38006,6,5,1680,9400,1,1,2500,3,,,
,,,,,2,0.65,,2,,,
39001,1,5,0,1000,1,1,1000,3,,,
,,,,,2,0.2,,3,,,
39002,2,5,1680,2680,1,1,1300,3,,,
,,,,,2,0.29,,3,,,
39003,3,5,1680,4360,1,1,1600,3,,,
,,,,,2,0.38,,3,,,
39004,4,5,1680,6040,1,1,1900,3,,,
,,,,,2,0.47,,3,,,
39005,5,5,1680,7720,1,1,2200,3,,,
,,,,,2,0.56,,3,,,
39006,6,5,1680,9400,1,1,2500,3,,,
,,,,,2,0.65,,3,,,
40001,1,5,0,1000,1,3,38000,3,,,
,,,,,1,2,0.41,1,,,
40002,2,5,1680,2680,1,3,43000,3,,,
,,,,,1,2,0.46,1,,,
40003,3,5,1680,4360,1,3,48000,3,,,
,,,,,1,2,0.51,1,,,
40004,4,5,1680,6040,1,3,53000,3,,,
,,,,,1,2,0.56,1,,,
40005,5,5,1680,7720,1,3,58000,3,,,
,,,,,1,2,0.61,1,,,
40006,6,5,1680,9400,1,3,63000,3,,,
,,,,,1,2,0.66,1,,,
41001,1,5,0,1000,1,4,35,3,,,
,,,,,1,50,50,3,,,
41002,2,5,1680,2680,1,4,43,3,,,
,,,,,1,50,50,3,,,
41003,3,5,1680,4360,1,4,51,3,,,
,,,,,1,50,50,3,,,
41004,4,5,1680,6040,1,4,59,3,,,
,,,,,1,50,50,3,,,
41005,5,5,1680,7720,1,4,67,3,,,
,,,,,1,50,50,3,,,
41006,6,5,1680,9400,1,4,75,3,,,
,,,,,1,50,50,3,,,
42001,1,5,0,1000,1,1,1000,3,,,
,,,,,1,31,0.21,1,,,
42002,2,5,1680,2680,1,1,1500,3,,,
,,,,,1,31,0.24,1,,,
42003,3,5,1680,4360,1,1,2000,3,,,
,,,,,1,31,0.27,1,,,
42004,4,5,1680,6040,1,1,2500,3,,,
,,,,,1,31,0.3,1,,,
42005,5,5,1680,7720,1,1,3000,3,,,
,,,,,1,31,0.33,1,,,
42006,6,5,1680,9400,1,1,3500,3,,,
,,,,,1,31,0.36,1,,,
43001,1,5,0,1000,1,10,0.26,1,,,
,,,,,1,11,0.07,1,,,
,,,,,1,1,1300,3,,,
43002,2,5,1680,2680,1,10,0.28,1,,,
,,,,,1,11,0.08,1,,,
,,,,,1,1,1600,3,,,
43003,3,5,1680,4360,1,10,0.3,1,,,
,,,,,1,11,0.09,1,,,
,,,,,1,1,1900,3,,,
43004,4,5,1680,6040,1,10,0.32,1,,,
,,,,,1,11,0.1,1,,,
,,,,,1,1,2200,3,,,
43005,5,5,1680,7720,1,10,0.34,1,,,
,,,,,1,11,0.11,1,,,
,,,,,1,1,2500,3,,,
43006,6,5,1680,9400,1,10,0.36,1,,,
,,,,,1,11,0.12,1,,,
,,,,,1,1,2800,3,,,
44001,1,5,0,1000,1,3,38000,3,,,
,,,,,1,3,0.245,1,,,
44002,2,5,1680,2680,1,3,43000,3,,,
,,,,,1,3,0.28,1,,,
44003,3,5,1680,4360,1,3,48000,3,,,
,,,,,1,3,0.315,1,,,
44004,4,5,1680,6040,1,3,53000,3,,,
,,,,,1,3,0.35,1,,,
44005,5,5,1680,7720,1,3,58000,3,,,
,,,,,1,3,0.385,1,,,
44006,6,5,1680,9400,1,3,63000,3,,,
,,,,,1,3,0.42,1,,,
45001,1,5,0,1000,1,3,38000,3,,,
,,,,,1,41,0.07,1,,,
45002,2,5,1680,2680,1,3,43000,3,,,
,,,,,1,41,0.08,1,,,
45003,3,5,1680,4360,1,3,48000,3,,,
,,,,,1,41,0.09,1,,,
45004,4,5,1680,6040,1,3,53000,3,,,
,,,,,1,41,0.1,1,,,
45005,5,5,1680,7720,1,3,58000,3,,,
,,,,,1,41,0.11,1,,,
45006,6,5,1680,9400,1,3,63000,3,,,
,,,,,1,41,0.12,1,,,
46001,1,5,0,1000,1,1,0.105,1,,,
,,,,,1,3,0.105,1,,,
,,,,,1,40,0.2,1,,,
,,,,,1,1,0.0525,1,,2,
,,,,,1,3,0.0525,1,,2,
,,,,,1,40,0.1,1,,2,
46002,2,5,1680,2680,1,1,0.12,1,,,
,,,,,1,3,0.12,1,,,
,,,,,1,40,0.23,1,,,
,,,,,1,1,0.06,1,,2,
,,,,,1,3,0.06,1,,2,
,,,,,1,40,0.115,1,,2,
46003,3,5,1680,4360,1,1,0.135,1,,,
,,,,,1,3,0.135,1,,,
,,,,,1,40,0.26,1,,,
,,,,,1,1,0.0675,1,,2,
,,,,,1,3,0.0675,1,,2,
,,,,,1,40,0.13,1,,2,
46004,4,5,1680,6040,1,1,0.15,1,,,
,,,,,1,3,0.15,1,,,
,,,,,1,40,0.29,1,,,
,,,,,1,1,0.075,1,,2,
,,,,,1,3,0.075,1,,2,
,,,,,1,40,0.145,1,,2,
46005,5,5,1680,7720,1,1,0.165,1,,,
,,,,,1,3,0.165,1,,,
,,,,,1,40,0.32,1,,,
,,,,,1,1,0.0825,1,,2,
,,,,,1,3,0.0825,1,,2,
,,,,,1,40,0.16,1,,2,
46006,6,5,1680,9400,1,1,0.18,1,,,
,,,,,1,3,0.18,1,,,
,,,,,1,40,0.35,1,,,
,,,,,1,1,0.09,1,,2,
,,,,,1,3,0.09,1,,2,
,,,,,1,40,0.175,1,,2,
47001,1,5,0,1000,1,1,1300,3,,,
,,,,,1,32,0.14,1,,,
,,,,,1,1,650,3,,2,
,,,,,1,32,0.07,1,,2,
47002,2,5,1680,2680,1,1,1600,3,,,
,,,,,1,32,0.16,1,,,
,,,,,1,1,800,3,,2,
,,,,,1,32,0.08,1,,2,
47003,3,5,1680,4360,1,1,1900,3,,,
,,,,,1,32,0.18,1,,,
,,,,,1,1,950,3,,2,
,,,,,1,32,0.09,1,,2,
47004,4,5,1680,6040,1,1,2200,3,,,
,,,,,1,32,0.2,1,,,
,,,,,1,1,1100,3,,2,
,,,,,1,32,0.1,1,,2,
47005,5,5,1680,7720,1,1,2500,3,,,
,,,,,1,32,0.22,1,,,
,,,,,1,1,1250,3,,2,
,,,,,1,32,0.11,1,,2,
47006,6,5,1680,9400,1,1,2800,3,,,
,,,,,1,32,0.24,1,,,
,,,,,1,1,1400,3,,2,
,,,,,1,32,0.12,1,,2,
48001,1,5,0,1000,1,1,0.12,1,,,
,,,,,1,3,0.12,1,,,
,,,,,1,1,0.06,1,,1,
,,,,,1,3,0.06,1,,1,
48002,2,5,1680,2680,1,1,0.14,1,,,
,,,,,1,3,0.14,1,,,
,,,,,1,1,0.07,1,,1,
,,,,,1,3,0.07,1,,1,
48003,3,5,1680,4360,1,1,0.16,1,,,
,,,,,1,3,0.16,1,,,
,,,,,1,1,0.08,1,,1,
,,,,,1,3,0.08,1,,1,
48004,4,5,1680,6040,1,1,0.18,1,,,
,,,,,1,3,0.18,1,,,
,,,,,1,1,0.09,1,,1,
,,,,,1,3,0.09,1,,1,
48005,5,5,1680,7720,1,1,0.2,1,,,
,,,,,1,3,0.2,1,,,
,,,,,1,1,0.1,1,,1,
,,,,,1,3,0.1,1,,1,
48006,6,5,1680,9400,1,1,0.22,1,,,
,,,,,1,3,0.22,1,,,
,,,,,1,1,0.11,1,,1,
,,,,,1,3,0.11,1,,1,
49001,1,5,0,1000,1,1,1300,3,,,
,,,,,1,30,0.11,1,,,
,,,,,1,1,650,3,,1,
,,,,,1,30,0.055,1,,1,
49002,2,5,1680,2680,1,1,1600,3,,,
,,,,,1,30,0.12,1,,,
,,,,,1,1,800,3,,1,
,,,,,1,30,0.06,1,,1,
49003,3,5,1680,4360,1,1,1900,3,,,
,,,,,1,30,0.13,1,,,
,,,,,1,1,950,3,,1,
,,,,,1,30,0.065,1,,1,
49004,4,5,1680,6040,1,1,2200,3,,,
,,,,,1,30,0.14,1,,,
,,,,,1,1,1100,3,,1,
,,,,,1,30,0.07,1,,1,
49005,5,5,1680,7720,1,1,2500,3,,,
,,,,,1,30,0.15,1,,,
,,,,,1,1,1250,3,,1,
,,,,,1,30,0.075,1,,1,
49006,6,5,1680,9400,1,1,2800,3,,,
,,,,,1,30,0.16,1,,,
,,,,,1,1,1400,3,,1,
,,,,,1,30,0.08,1,,1,
50001,1,5,0,1000,1,3,38000,3,,,
,,,,,1,2,0.41,1,,,
,,,,,1,3,19000,3,,3,
,,,,,1,2,0.205,1,,3,
50002,2,5,1680,2680,1,3,43000,3,,,
,,,,,1,2,0.46,1,,,
,,,,,1,3,21500,3,,3,
,,,,,1,2,0.23,1,,3,
50003,3,5,1680,4360,1,3,48000,3,,,
,,,,,1,2,0.51,1,,,
,,,,,1,3,24000,3,,3,
,,,,,1,2,0.255,1,,3,
50004,4,5,1680,6040,1,3,53000,3,,,
,,,,,1,2,0.56,1,,,
,,,,,1,3,26500,3,,3,
,,,,,1,2,0.28,1,,3,
50005,5,5,1680,7720,1,3,58000,3,,,
,,,,,1,2,0.61,1,,,
,,,,,1,3,29000,3,,3,
,,,,,1,2,0.305,1,,3,
50006,6,5,1680,9400,1,3,63000,3,,,
,,,,,1,2,0.66,1,,,
,,,,,1,3,31500,3,,3,
,,,,,1,2,0.33,1,,3,
51001,1,5,0,1000,1,10,0.26,1,,,
,,,,,1,11,0.07,1,,,
,,,,,1,1,1300,3,,,
,,,,,1,10,0.13,1,,3,
,,,,,1,11,0.035,1,,3,
,,,,,1,1,650,3,,3,
51002,2,5,1680,2680,1,10,0.28,1,,,
,,,,,1,11,0.08,1,,,
,,,,,1,1,1600,3,,,
,,,,,1,10,0.14,1,,3,
,,,,,1,11,0.04,1,,3,
,,,,,1,1,800,3,,3,
51003,3,5,1680,4360,1,10,0.3,1,,,
,,,,,1,11,0.09,1,,,
,,,,,1,1,1900,3,,,
,,,,,1,10,0.15,1,,3,
,,,,,1,11,0.045,1,,3,
,,,,,1,1,950,3,,3,
51004,4,5,1680,6040,1,10,0.32,1,,,
,,,,,1,11,0.1,1,,,
,,,,,1,1,2200,3,,,
,,,,,1,10,0.16,1,,3,
,,,,,1,11,0.05,1,,3,
,,,,,1,1,1100,3,,3,
51005,5,5,1680,7720,1,10,0.34,1,,,
,,,,,1,11,0.11,1,,,
,,,,,1,1,2500,3,,,
,,,,,1,10,0.17,1,,3,
,,,,,1,11,0.055,1,,3,
,,,,,1,1,1250,3,,3,
51006,6,5,1680,9400,1,10,0.36,1,,,
,,,,,1,11,0.12,1,,,
,,,,,1,1,2800,3,,,
,,,,,1,10,0.18,1,,3,
,,,,,1,11,0.06,1,,3,
,,,,,1,1,1400,3,,3,
52001,1,5,0,1000,1,3,38000,3,,,
,,,,,1,3,0.245,1,,,
,,,,,1,3,19000,3,,4,
,,,,,1,3,0.1225,1,,4,
52002,2,5,1680,2680,1,3,43000,3,,,
,,,,,1,3,0.28,1,,,
,,,,,1,3,21500,3,,4,
,,,,,1,3,0.14,1,,4,
52003,3,5,1680,4360,1,3,48000,3,,,
,,,,,1,3,0.315,1,,,
,,,,,1,3,24000,3,,4,
,,,,,1,3,0.1575,1,,4,
52004,4,5,1680,6040,1,3,53000,3,,,
,,,,,1,3,0.35,1,,,
,,,,,1,3,26500,3,,4,
,,,,,1,3,0.175,1,,4,
52005,5,5,1680,7720,1,3,58000,3,,,
,,,,,1,3,0.385,1,,,
,,,,,1,3,29000,3,,4,
,,,,,1,3,0.1925,1,,4,
52006,6,5,1680,9400,1,3,63000,3,,,
,,,,,1,3,0.42,1,,,
,,,,,1,3,31500,3,,4,
,,,,,1,3,0.21,1,,4,
53001,1,5,0,1000,1,3,38000,3,,,
,,,,,1,41,0.07,1,,,
,,,,,1,3,19000,3,,4,
,,,,,1,41,0.035,1,,4,
53002,2,5,1680,2680,1,3,43000,3,,,
,,,,,1,41,0.08,1,,,
,,,,,1,3,21500,3,,4,
,,,,,1,41,0.04,1,,4,
53003,3,5,1680,4360,1,3,48000,3,,,
,,,,,1,41,0.09,1,,,
,,,,,1,3,24000,3,,4,
,,,,,1,41,0.045,1,,4,
53004,4,5,1680,6040,1,3,53000,3,,,
,,,,,1,41,0.1,1,,,
,,,,,1,3,26500,3,,4,
,,,,,1,41,0.05,1,,4,
53005,5,5,1680,7720,1,3,58000,3,,,
,,,,,1,41,0.11,1,,,
,,,,,1,3,29000,3,,4,
,,,,,1,41,0.055,1,,4,
53006,6,5,1680,9400,1,3,63000,3,,,
,,,,,1,41,0.12,1,,,
,,,,,1,3,31500,3,,4,
,,,,,1,41,0.06,1,,4,
54001,1,5,0,1000,1,11,0.26,1,,,
,,,,,1,10,0.07,1,,,
,,,,,1,1,1300,3,,,
,,,,,1,11,0.13,1,,5,
,,,,,1,10,0.035,1,,5,
,,,,,1,1,650,3,,5,
54002,2,5,1680,2680,1,11,0.28,1,,,
,,,,,1,10,0.08,1,,,
,,,,,1,1,1600,3,,,
,,,,,1,11,0.14,1,,5,
,,,,,1,10,0.04,1,,5,
,,,,,1,1,800,3,,5,
54003,3,5,1680,4360,1,11,0.3,1,,,
,,,,,1,10,0.09,1,,,
,,,,,1,1,1900,3,,,
,,,,,1,11,0.15,1,,5,
,,,,,1,10,0.045,1,,5,
,,,,,1,1,950,3,,5,
54004,4,5,1680,6040,1,11,0.32,1,,,
,,,,,1,10,0.1,1,,,
,,,,,1,1,2200,3,,,
,,,,,1,11,0.16,1,,5,
,,,,,1,10,0.05,1,,5,
,,,,,1,1,1100,3,,5,
54005,5,5,1680,7720,1,11,0.34,1,,,
,,,,,1,10,0.11,1,,,
,,,,,1,1,2500,3,,,
,,,,,1,11,0.17,1,,5,
,,,,,1,10,0.055,1,,5,
,,,,,1,1,1250,3,,5,
54006,6,5,1680,9400,1,11,0.36,1,,,
,,,,,1,10,0.12,1,,,
,,,,,1,1,2800,3,,,
,,,,,1,11,0.18,1,,5,
,,,,,1,10,0.06,1,,5,
,,,,,1,1,1400,3,,5,
55001,1,5,0,1000,1,4,42,3,,,
,,,,,1,31,0.105,1,,,
,,,,,1,50,50,3,,,
,,,,,1,4,25,3,,5,
,,,,,1,31,0.06,1,,5,
55002,2,5,1680,2680,1,4,50,3,,,
,,,,,1,31,0.12,1,,,
,,,,,1,50,50,3,,,
,,,,,1,4,33,3,,5,
,,,,,1,31,0.07,1,,5,
55003,3,5,1680,4360,1,4,58,3,,,
,,,,,1,31,0.135,1,,,
,,,,,1,50,50,3,,,
,,,,,1,4,41,3,,5,
,,,,,1,31,0.08,1,,5,
55004,4,5,1680,6040,1,4,66,3,,,
,,,,,1,31,0.15,1,,,
,,,,,1,50,50,3,,,
,,,,,1,4,49,3,,5,
,,,,,1,31,0.09,1,,5,
55005,5,5,1680,7720,1,4,74,3,,,
,,,,,1,31,0.165,1,,,
,,,,,1,50,50,3,,,
,,,,,1,4,57,3,,5,
,,,,,1,31,0.1,1,,5,
55006,6,5,1680,9400,1,4,82,3,,,
,,,,,1,31,0.18,1,,,
,,,,,1,50,50,3,,,
,,,,,1,4,65,3,,5,
,,,,,1,31,0.11,1,,5,
56001,1,5,0,1000,1,1,1300,3,,,
,,,,,1,1,0.245,1,,,
,,,,,1,1,650,3,,6,
,,,,,1,1,0.1225,1,,6,
56002,2,5,1680,2680,1,1,1600,3,,,
,,,,,1,1,0.28,1,,,
,,,,,1,1,800,3,,6,
,,,,,1,1,0.14,1,,6,
56003,3,5,1680,4360,1,1,1900,3,,,
,,,,,1,1,0.315,1,,,
,,,,,1,1,950,3,,6,
,,,,,1,1,0.1575,1,,6,
56004,4,5,1680,6040,1,1,2200,3,,,
,,,,,1,1,0.35,1,,,
,,,,,1,1,1100,3,,6,
,,,,,1,1,0.175,1,,6,
56005,5,5,1680,7720,1,1,2500,3,,,
,,,,,1,1,0.385,1,,,
,,,,,1,1,1250,3,,6,
,,,,,1,1,0.1925,1,,6,
56006,6,5,1680,9400,1,1,2800,3,,,
,,,,,1,1,0.42,1,,,
,,,,,1,1,1400,3,,6,
,,,,,1,1,0.21,1,,6,
57001,1,5,0,1000,1,1,1300,3,,,
,,,,,1,31,0.21,1,,,
,,,,,1,1,650,3,,6,
,,,,,1,31,0.105,1,,6,
57002,2,5,1680,2680,1,1,1600,3,,,
,,,,,1,31,0.24,1,,,
,,,,,1,1,800,3,,6,
,,,,,1,31,0.12,1,,6,
57003,3,5,1680,4360,1,1,1900,3,,,
,,,,,1,31,0.27,1,,,
,,,,,1,1,950,3,,6,
,,,,,1,31,0.135,1,,6,
57004,4,5,1680,6040,1,1,2200,3,,,
,,,,,1,31,0.3,1,,,
,,,,,1,1,1100,3,,6,
,,,,,1,31,0.15,1,,6,
57005,5,5,1680,7720,1,1,2500,3,,,
,,,,,1,31,0.33,1,,,
,,,,,1,1,1250,3,,6,
,,,,,1,31,0.165,1,,6,
57006,6,5,1680,9400,1,1,2800,3,,,
,,,,,1,31,0.36,1,,,
,,,,,1,1,1400,3,,6,
,,,,,1,31,0.18,1,,6,
58001,1,5,0,1000,1,1,1300,3,,,
,,,,,2,0.3,,1,,,
,,,,,1,1,650,3,,1,
,,,,,1,1,0.1225,1,,1,
58002,2,5,1680,2680,1,1,1600,3,,,
,,,,,2,0.4,,1,,,
,,,,,1,1,800,3,,1,
,,,,,1,1,0.14,1,,1,
58003,3,5,1680,4360,1,1,1900,3,,,
,,,,,2,0.5,,1,,,
,,,,,1,1,950,3,,1,
,,,,,1,1,0.1575,1,,1,
58004,4,5,1680,6040,1,1,2200,3,,,
,,,,,2,0.6,,1,,,
,,,,,1,1,1100,3,,1,
,,,,,1,1,0.175,1,,1,
58005,5,5,1680,7720,1,1,2500,3,,,
,,,,,2,0.7,,1,,,
,,,,,1,1,1250,3,,1,
,,,,,1,1,0.1925,1,,1,
58006,6,5,1680,9400,1,1,2800,3,,,
,,,,,2,0.8,,1,,,
,,,,,1,1,1400,3,,1,
,,,,,1,1,0.21,1,,1,
59001,1,5,0,1000,1,1,1300,3,,,
,,,,,2,0.3,,2,,,
,,,,,1,1,650,3,,1,
,,,,,1,1,0.1225,1,,1,
59002,2,5,1680,2680,1,1,1600,3,,,
,,,,,2,0.4,,2,,,
,,,,,1,1,800,3,,1,
,,,,,1,1,0.14,1,,1,
59003,3,5,1680,4360,1,1,1900,3,,,
,,,,,2,0.5,,2,,,
,,,,,1,1,950,3,,1,
,,,,,1,1,0.1575,1,,1,
59004,4,5,1680,6040,1,1,2200,3,,,
,,,,,2,0.6,,2,,,
,,,,,1,1,1100,3,,1,
,,,,,1,1,0.175,1,,1,
59005,5,5,1680,7720,1,1,2500,3,,,
,,,,,2,0.7,,2,,,
,,,,,1,1,1250,3,,1,
,,,,,1,1,0.1925,1,,1,
59006,6,5,1680,9400,1,1,2800,3,,,
,,,,,2,0.8,,2,,,
,,,,,1,1,1400,3,,1,
,,,,,1,1,0.21,1,,1,
60001,1,5,0,1000,1,1,1300,3,,,
,,,,,2,0.3,,3,,,
,,,,,1,1,650,3,,1,
,,,,,1,1,0.1225,1,,1,
60002,2,5,1680,2680,1,1,1600,3,,,
,,,,,2,0.4,,3,,,
,,,,,1,1,800,3,,1,
,,,,,1,1,0.14,1,,1,
60003,3,5,1680,4360,1,1,1900,3,,,
,,,,,2,0.5,,3,,,
,,,,,1,1,950,3,,1,
,,,,,1,1,0.1575,1,,1,
60004,4,5,1680,6040,1,1,2200,3,,,
,,,,,2,0.6,,3,,,
,,,,,1,1,1100,3,,1,
,,,,,1,1,0.175,1,,1,
60005,5,5,1680,7720,1,1,2500,3,,,
,,,,,2,0.7,,3,,,
,,,,,1,1,1250,3,,1,
,,,,,1,1,0.1925,1,,1,
60006,6,5,1680,9400,1,1,2800,3,,,
,,,,,2,0.8,,3,,,
,,,,,1,1,1400,3,,1,
,,,,,1,1,0.21,1,,1,
61001,1,5,0,1000,1,1,1300,3,,,
,,,,,2,0.3,,4,,,
,,,,,1,1,650,3,,1,
,,,,,1,1,0.1225,1,,1,
61002,2,5,1680,2680,1,1,1600,3,,,
,,,,,2,0.4,,4,,,
,,,,,1,1,800,3,,1,
,,,,,1,1,0.14,1,,1,
61003,3,5,1680,4360,1,1,1900,3,,,
,,,,,2,0.5,,4,,,
,,,,,1,1,950,3,,1,
,,,,,1,1,0.1575,1,,1,
61004,4,5,1680,6040,1,1,2200,3,,,
,,,,,2,0.6,,4,,,
,,,,,1,1,1100,3,,1,
,,,,,1,1,0.175,1,,1,
61005,5,5,1680,7720,1,1,2500,3,,,
,,,,,2,0.7,,4,,,
,,,,,1,1,1250,3,,1,
,,,,,1,1,0.1925,1,,1,
61006,6,5,1680,9400,1,1,2800,3,,,
,,,,,2,0.8,,4,,,
,,,,,1,1,1400,3,,1,
,,,,,1,1,0.21,1,,1,
62001,1,5,0,1000,1,1,1300,3,,,
,,,,,2,0.3,,5,,,
,,,,,1,1,650,3,,1,
,,,,,1,1,0.1225,1,,1,
62002,2,5,1680,2680,1,1,1600,3,,,
,,,,,2,0.4,,5,,,
,,,,,1,1,800,3,,1,
,,,,,1,1,0.14,1,,1,
62003,3,5,1680,4360,1,1,1900,3,,,
,,,,,2,0.5,,5,,,
,,,,,1,1,950,3,,1,
,,,,,1,1,0.1575,1,,1,
62004,4,5,1680,6040,1,1,2200,3,,,
,,,,,2,0.6,,5,,,
,,,,,1,1,1100,3,,1,
,,,,,1,1,0.175,1,,1,
62005,5,5,1680,7720,1,1,2500,3,,,
,,,,,2,0.7,,5,,,
,,,,,1,1,1250,3,,1,
,,,,,1,1,0.1925,1,,1,
62006,6,5,1680,9400,1,1,2800,3,,,
,,,,,2,0.8,,5,,,
,,,,,1,1,1400,3,,1,
,,,,,1,1,0.21,1,,1,
63001,1,5,0,1000,1,1,0.105,1,,,
,,,,,1,3,0.105,1,,,
,,,,,1,40,0.2,1,,,
,,,,,1,1,0.0525,1,,3,
,,,,,1,3,0.0525,1,,3,
,,,,,1,40,0.1,1,,3,
63002,2,5,1680,2680,1,1,0.12,1,,,
,,,,,1,3,0.12,1,,,
,,,,,1,40,0.23,1,,,
,,,,,1,1,0.06,1,,3,
,,,,,1,3,0.06,1,,3,
,,,,,1,40,0.115,1,,3,
63003,3,5,1680,4360,1,1,0.135,1,,,
,,,,,1,3,0.135,1,,,
,,,,,1,40,0.26,1,,,
,,,,,1,1,0.0675,1,,3,
,,,,,1,3,0.0675,1,,3,
,,,,,1,40,0.13,1,,3,
63004,4,5,1680,6040,1,1,0.15,1,,,
,,,,,1,3,0.15,1,,,
,,,,,1,40,0.29,1,,,
,,,,,1,1,0.075,1,,3,
,,,,,1,3,0.075,1,,3,
,,,,,1,40,0.145,1,,3,
63005,5,5,1680,7720,1,1,0.165,1,,,
,,,,,1,3,0.165,1,,,
,,,,,1,40,0.32,1,,,
,,,,,1,1,0.0825,1,,3,
,,,,,1,3,0.0825,1,,3,
,,,,,1,40,0.16,1,,3,
63006,6,5,1680,9400,1,1,0.18,1,,,
,,,,,1,3,0.18,1,,,
,,,,,1,40,0.35,1,,,
,,,,,1,1,0.09,1,,3,
,,,,,1,3,0.09,1,,3,
,,,,,1,40,0.175,1,,3,
64001,1,5,0,1000,1,1,1300,3,,,
,,,,,1,32,0.14,1,,,
,,,,,1,1,650,3,,3,
,,,,,1,32,0.07,1,,3,
64002,2,5,1680,2680,1,1,1600,3,,,
,,,,,1,32,0.16,1,,,
,,,,,1,1,800,3,,3,
,,,,,1,32,0.08,1,,3,
64003,3,5,1680,4360,1,1,1900,3,,,
,,,,,1,32,0.18,1,,,
,,,,,1,1,950,3,,3,
,,,,,1,32,0.09,1,,3,
64004,4,5,1680,6040,1,1,2200,3,,,
,,,,,1,32,0.2,1,,,
,,,,,1,1,1100,3,,3,
,,,,,1,32,0.1,1,,3,
64005,5,5,1680,7720,1,1,2500,3,,,
,,,,,1,32,0.22,1,,,
,,,,,1,1,1250,3,,3,
,,,,,1,32,0.11,1,,3,
64006,6,5,1680,9400,1,1,2800,3,,,
,,,,,1,32,0.24,1,,,
,,,,,1,1,1400,3,,3,
,,,,,1,32,0.12,1,,3,
65001,1,5,0,1000,1,1,0.12,1,,,
,,,,,1,3,0.12,1,,,
,,,,,1,1,0.06,1,,2,
,,,,,1,3,0.06,1,,2,
65002,2,5,1680,2680,1,1,0.14,1,,,
,,,,,1,3,0.14,1,,,
,,,,,1,1,0.07,1,,2,
,,,,,1,3,0.07,1,,2,
65003,3,5,1680,4360,1,1,0.16,1,,,
,,,,,1,3,0.16,1,,,
,,,,,1,1,0.08,1,,2,
,,,,,1,3,0.08,1,,2,
65004,4,5,1680,6040,1,1,0.18,1,,,
,,,,,1,3,0.18,1,,,
,,,,,1,1,0.09,1,,2,
,,,,,1,3,0.09,1,,2,
65005,5,5,1680,7720,1,1,0.2,1,,,
,,,,,1,3,0.2,1,,,
,,,,,1,1,0.1,1,,2,
,,,,,1,3,0.1,1,,2,
65006,6,5,1680,9400,1,1,0.22,1,,,
,,,,,1,3,0.22,1,,,
,,,,,1,1,0.11,1,,2,
,,,,,1,3,0.11,1,,2,
66001,1,5,0,1000,1,1,1300,3,,,
,,,,,1,30,0.11,1,,,
,,,,,1,1,650,3,,2,
,,,,,1,30,0.055,1,,2,
66002,2,5,1680,2680,1,1,1600,3,,,
,,,,,1,30,0.12,1,,,
,,,,,1,1,800,3,,2,
,,,,,1,30,0.06,1,,2,
66003,3,5,1680,4360,1,1,1900,3,,,
,,,,,1,30,0.13,1,,,
,,,,,1,1,950,3,,2,
,,,,,1,30,0.065,1,,2,
66004,4,5,1680,6040,1,1,2200,3,,,
,,,,,1,30,0.14,1,,,
,,,,,1,1,1100,3,,2,
,,,,,1,30,0.07,1,,2,
66005,5,5,1680,7720,1,1,2500,3,,,
,,,,,1,30,0.15,1,,,
,,,,,1,1,1250,3,,2,
,,,,,1,30,0.075,1,,2,
66006,6,5,1680,9400,1,1,2800,3,,,
,,,,,1,30,0.16,1,,,
,,,,,1,1,1400,3,,2,
,,,,,1,30,0.08,1,,2,
67001,1,5,0,1000,1,3,38000,3,,,
,,,,,1,2,0.41,1,,,
,,,,,1,3,19000,3,,4,
,,,,,1,2,0.205,1,,4,
67002,2,5,1680,2680,1,3,43000,3,,,
,,,,,1,2,0.46,1,,,
,,,,,1,3,21500,3,,4,
,,,,,1,2,0.23,1,,4,
67003,3,5,1680,4360,1,3,48000,3,,,
,,,,,1,2,0.51,1,,,
,,,,,1,3,24000,3,,4,
,,,,,1,2,0.255,1,,4,
67004,4,5,1680,6040,1,3,53000,3,,,
,,,,,1,2,0.56,1,,,
,,,,,1,3,26500,3,,4,
,,,,,1,2,0.28,1,,4,
67005,5,5,1680,7720,1,3,58000,3,,,
,,,,,1,2,0.61,1,,,
,,,,,1,3,29000,3,,4,
,,,,,1,2,0.305,1,,4,
67006,6,5,1680,9400,1,3,63000,3,,,
,,,,,1,2,0.66,1,,,
,,,,,1,3,31500,3,,4,
,,,,,1,2,0.33,1,,4,
68001,1,5,0,1000,1,10,0.26,1,,,
,,,,,1,11,0.07,1,,,
,,,,,1,1,1300,3,,,
,,,,,1,10,0.13,1,,4,
,,,,,1,11,0.035,1,,4,
,,,,,1,1,650,3,,4,
68002,2,5,1680,2680,1,10,0.28,1,,,
,,,,,1,11,0.08,1,,,
,,,,,1,1,1600,3,,,
,,,,,1,10,0.14,1,,4,
,,,,,1,11,0.04,1,,4,
,,,,,1,1,800,3,,4,
68003,3,5,1680,4360,1,10,0.3,1,,,
,,,,,1,11,0.09,1,,,
,,,,,1,1,1900,3,,,
,,,,,1,10,0.15,1,,4,
,,,,,1,11,0.045,1,,4,
,,,,,1,1,950,3,,4,
68004,4,5,1680,6040,1,10,0.32,1,,,
,,,,,1,11,0.1,1,,,
,,,,,1,1,2200,3,,,
,,,,,1,10,0.16,1,,4,
,,,,,1,11,0.05,1,,4,
,,,,,1,1,1100,3,,4,
68005,5,5,1680,7720,1,10,0.34,1,,,
,,,,,1,11,0.11,1,,,
,,,,,1,1,2500,3,,,
,,,,,1,10,0.17,1,,4,
,,,,,1,11,0.055,1,,4,
,,,,,1,1,1250,3,,4,
68006,6,5,1680,9400,1,10,0.36,1,,,
,,,,,1,11,0.12,1,,,
,,,,,1,1,2800,3,,,
,,,,,1,10,0.18,1,,4,
,,,,,1,11,0.06,1,,4,
,,,,,1,1,1400,3,,4,
69001,1,5,0,1000,1,3,38000,3,,,
,,,,,1,3,0.245,1,,,
,,,,,1,3,19000,3,,5,
,,,,,1,3,0.1225,1,,5,
69002,2,5,1680,2680,1,3,43000,3,,,
,,,,,1,3,0.28,1,,,
,,,,,1,3,21500,3,,5,
,,,,,1,3,0.14,1,,5,
69003,3,5,1680,4360,1,3,48000,3,,,
,,,,,1,3,0.315,1,,,
,,,,,1,3,24000,3,,5,
,,,,,1,3,0.1575,1,,5,
69004,4,5,1680,6040,1,3,53000,3,,,
,,,,,1,3,0.35,1,,,
,,,,,1,3,26500,3,,5,
,,,,,1,3,0.175,1,,5,
69005,5,5,1680,7720,1,3,58000,3,,,
,,,,,1,3,0.385,1,,,
,,,,,1,3,29000,3,,5,
,,,,,1,3,0.1925,1,,5,
69006,6,5,1680,9400,1,3,63000,3,,,
,,,,,1,3,0.42,1,,,
,,,,,1,3,31500,3,,5,
,,,,,1,3,0.21,1,,5,
70001,1,5,0,1000,1,3,38000,3,,,
,,,,,1,41,0.07,1,,,
,,,,,1,3,19000,3,,5,
,,,,,1,41,0.035,1,,5,
70002,2,5,1680,2680,1,3,43000,3,,,
,,,,,1,41,0.08,1,,,
,,,,,1,3,21500,3,,5,
,,,,,1,41,0.04,1,,5,
70003,3,5,1680,4360,1,3,48000,3,,,
,,,,,1,41,0.09,1,,,
,,,,,1,3,24000,3,,5,
,,,,,1,41,0.045,1,,5,
70004,4,5,1680,6040,1,3,53000,3,,,
,,,,,1,41,0.1,1,,,
,,,,,1,3,26500,3,,5,
,,,,,1,41,0.05,1,,5,
70005,5,5,1680,7720,1,3,58000,3,,,
,,,,,1,41,0.11,1,,,
,,,,,1,3,29000,3,,5,
,,,,,1,41,0.055,1,,5,
70006,6,5,1680,9400,1,3,63000,3,,,
,,,,,1,41,0.12,1,,,
,,,,,1,3,31500,3,,5,
,,,,,1,41,0.06,1,,5,
71001,1,5,0,1000,1,11,0.26,1,,,
,,,,,1,10,0.07,1,,,
,,,,,1,1,1300,3,,,
,,,,,1,11,0.13,1,,6,
,,,,,1,10,0.035,1,,6,
,,,,,1,1,650,3,,6,
71002,2,5,1680,2680,1,11,0.28,1,,,
,,,,,1,10,0.08,1,,,
,,,,,1,1,1600,3,,,
,,,,,1,11,0.14,1,,6,
,,,,,1,10,0.04,1,,6,
,,,,,1,1,800,3,,6,
71003,3,5,1680,4360,1,11,0.3,1,,,
,,,,,1,10,0.09,1,,,
,,,,,1,1,1900,3,,,
,,,,,1,11,0.15,1,,6,
,,,,,1,10,0.045,1,,6,
,,,,,1,1,950,3,,6,
71004,4,5,1680,6040,1,11,0.32,1,,,
,,,,,1,10,0.1,1,,,
,,,,,1,1,2200,3,,,
,,,,,1,11,0.16,1,,6,
,,,,,1,10,0.05,1,,6,
,,,,,1,1,1100,3,,6,
71005,5,5,1680,7720,1,11,0.34,1,,,
,,,,,1,10,0.11,1,,,
,,,,,1,1,2500,3,,,
,,,,,1,11,0.17,1,,6,
,,,,,1,10,0.055,1,,6,
,,,,,1,1,1250,3,,6,
71006,6,5,1680,9400,1,11,0.36,1,,,
,,,,,1,10,0.12,1,,,
,,,,,1,1,2800,3,,,
,,,,,1,11,0.18,1,,6,
,,,,,1,10,0.06,1,,6,
,,,,,1,1,1400,3,,6,
72001,1,5,0,1000,1,4,42,3,,,
,,,,,1,31,0.105,1,,,
,,,,,1,50,50,3,,,
,,,,,1,4,25,3,,6,
,,,,,1,31,0.06,1,,6,
72002,2,5,1680,2680,1,4,50,3,,,
,,,,,1,31,0.12,1,,,
,,,,,1,50,50,3,,,
,,,,,1,4,33,3,,6,
,,,,,1,31,0.07,1,,6,
72003,3,5,1680,4360,1,4,58,3,,,
,,,,,1,31,0.135,1,,,
,,,,,1,50,50,3,,,
,,,,,1,4,41,3,,6,
,,,,,1,31,0.08,1,,6,
72004,4,5,1680,6040,1,4,66,3,,,
,,,,,1,31,0.15,1,,,
,,,,,1,50,50,3,,,
,,,,,1,4,49,3,,6,
,,,,,1,31,0.09,1,,6,
72005,5,5,1680,7720,1,4,74,3,,,
,,,,,1,31,0.165,1,,,
,,,,,1,50,50,3,,,
,,,,,1,4,57,3,,6,
,,,,,1,31,0.1,1,,6,
72006,6,5,1680,9400,1,4,82,3,,,
,,,,,1,31,0.18,1,,,
,,,,,1,50,50,3,,,
,,,,,1,4,65,3,,6,
,,,,,1,31,0.11,1,,6,
73001,1,5,0,1000,1,1,1300,3,,,
,,,,,1,1,0.245,1,,,
,,,,,1,1,650,3,,1,
,,,,,1,1,0.1225,1,,1,
73002,2,5,1680,2680,1,1,1600,3,,,
,,,,,1,1,0.28,1,,,
,,,,,1,1,800,3,,1,
,,,,,1,1,0.14,1,,1,
73003,3,5,1680,4360,1,1,1900,3,,,
,,,,,1,1,0.315,1,,,
,,,,,1,1,950,3,,1,
,,,,,1,1,0.1575,1,,1,
73004,4,5,1680,6040,1,1,2200,3,,,
,,,,,1,1,0.35,1,,,
,,,,,1,1,1100,3,,1,
,,,,,1,1,0.175,1,,1,
73005,5,5,1680,7720,1,1,2500,3,,,
,,,,,1,1,0.385,1,,,
,,,,,1,1,1250,3,,1,
,,,,,1,1,0.1925,1,,1,
73006,6,5,1680,9400,1,1,2800,3,,,
,,,,,1,1,0.42,1,,,
,,,,,1,1,1400,3,,1,
,,,,,1,1,0.21,1,,1,
74001,1,5,0,1000,1,1,1300,3,,,
,,,,,1,31,0.21,1,,,
,,,,,1,1,650,3,,1,
,,,,,1,31,0.105,1,,1,
74002,2,5,1680,2680,1,1,1600,3,,,
,,,,,1,31,0.24,1,,,
,,,,,1,1,800,3,,1,
,,,,,1,31,0.12,1,,1,
74003,3,5,1680,4360,1,1,1900,3,,,
,,,,,1,31,0.27,1,,,
,,,,,1,1,950,3,,1,
,,,,,1,31,0.135,1,,1,
74004,4,5,1680,6040,1,1,2200,3,,,
,,,,,1,31,0.3,1,,,
,,,,,1,1,1100,3,,1,
,,,,,1,31,0.15,1,,1,
74005,5,5,1680,7720,1,1,2500,3,,,
,,,,,1,31,0.33,1,,,
,,,,,1,1,1250,3,,1,
,,,,,1,31,0.165,1,,1,
74006,6,5,1680,9400,1,1,2800,3,,,
,,,,,1,31,0.36,1,,,
,,,,,1,1,1400,3,,1,
,,,,,1,31,0.18,1,,1,
75001,1,5,0,1000,1,1,1300,3,,,
,,,,,2,0.3,,1,,,
,,,,,1,1,650,3,,2,
,,,,,1,1,0.1225,1,,2,
75002,2,5,1680,2680,1,1,1600,3,,,
,,,,,2,0.4,,1,,,
,,,,,1,1,800,3,,2,
,,,,,1,1,0.14,1,,2,
75003,3,5,1680,4360,1,1,1900,3,,,
,,,,,2,0.5,,1,,,
,,,,,1,1,950,3,,2,
,,,,,1,1,0.1575,1,,2,
75004,4,5,1680,6040,1,1,2200,3,,,
,,,,,2,0.6,,1,,,
,,,,,1,1,1100,3,,2,
,,,,,1,1,0.175,1,,2,
75005,5,5,1680,7720,1,1,2500,3,,,
,,,,,2,0.7,,1,,,
,,,,,1,1,1250,3,,2,
,,,,,1,1,0.1925,1,,2,
75006,6,5,1680,9400,1,1,2800,3,,,
,,,,,2,0.8,,1,,,
,,,,,1,1,1400,3,,2,
,,,,,1,1,0.21,1,,2,
76001,1,5,0,1000,1,1,1300,3,,,
,,,,,2,0.3,,2,,,
,,,,,1,1,650,3,,2,
,,,,,1,1,0.1225,1,,2,
76002,2,5,1680,2680,1,1,1600,3,,,
,,,,,2,0.4,,2,,,
,,,,,1,1,800,3,,2,
,,,,,1,1,0.14,1,,2,
76003,3,5,1680,4360,1,1,1900,3,,,
,,,,,2,0.5,,2,,,
,,,,,1,1,950,3,,2,
,,,,,1,1,0.1575,1,,2,
76004,4,5,1680,6040,1,1,2200,3,,,
,,,,,2,0.6,,2,,,
,,,,,1,1,1100,3,,2,
,,,,,1,1,0.175,1,,2,
76005,5,5,1680,7720,1,1,2500,3,,,
,,,,,2,0.7,,2,,,
,,,,,1,1,1250,3,,2,
,,,,,1,1,0.1925,1,,2,
76006,6,5,1680,9400,1,1,2800,3,,,
,,,,,2,0.8,,2,,,
,,,,,1,1,1400,3,,2,
,,,,,1,1,0.21,1,,2,
77001,1,5,0,1000,1,1,1300,3,,,
,,,,,2,0.3,,3,,,
,,,,,1,1,650,3,,2,
,,,,,1,1,0.1225,1,,2,
77002,2,5,1680,2680,1,1,1600,3,,,
,,,,,2,0.4,,3,,,
,,,,,1,1,800,3,,2,
,,,,,1,1,0.14,1,,2,
77003,3,5,1680,4360,1,1,1900,3,,,
,,,,,2,0.5,,3,,,
,,,,,1,1,950,3,,2,
,,,,,1,1,0.1575,1,,2,
77004,4,5,1680,6040,1,1,2200,3,,,
,,,,,2,0.6,,3,,,
,,,,,1,1,1100,3,,2,
,,,,,1,1,0.175,1,,2,
77005,5,5,1680,7720,1,1,2500,3,,,
,,,,,2,0.7,,3,,,
,,,,,1,1,1250,3,,2,
,,,,,1,1,0.1925,1,,2,
77006,6,5,1680,9400,1,1,2800,3,,,
,,,,,2,0.8,,3,,,
,,,,,1,1,1400,3,,2,
,,,,,1,1,0.21,1,,2,
78001,1,5,0,1000,1,1,1300,3,,,
,,,,,2,0.3,,4,,,
,,,,,1,1,650,3,,2,
,,,,,1,1,0.1225,1,,2,
78002,2,5,1680,2680,1,1,1600,3,,,
,,,,,2,0.4,,4,,,
,,,,,1,1,800,3,,2,
,,,,,1,1,0.14,1,,2,
78003,3,5,1680,4360,1,1,1900,3,,,
,,,,,2,0.5,,4,,,
,,,,,1,1,950,3,,2,
,,,,,1,1,0.1575,1,,2,
78004,4,5,1680,6040,1,1,2200,3,,,
,,,,,2,0.6,,4,,,
,,,,,1,1,1100,3,,2,
,,,,,1,1,0.175,1,,2,
78005,5,5,1680,7720,1,1,2500,3,,,
,,,,,2,0.7,,4,,,
,,,,,1,1,1250,3,,2,
,,,,,1,1,0.1925,1,,2,
78006,6,5,1680,9400,1,1,2800,3,,,
,,,,,2,0.8,,4,,,
,,,,,1,1,1400,3,,2,
,,,,,1,1,0.21,1,,2,
79001,1,5,0,1000,1,1,1300,3,,,
,,,,,2,0.3,,5,,,
,,,,,1,1,650,3,,2,
,,,,,1,1,0.1225,1,,2,
79002,2,5,1680,2680,1,1,1600,3,,,
,,,,,2,0.4,,5,,,
,,,,,1,1,800,3,,2,
,,,,,1,1,0.14,1,,2,
79003,3,5,1680,4360,1,1,1900,3,,,
,,,,,2,0.5,,5,,,
,,,,,1,1,950,3,,2,
,,,,,1,1,0.1575,1,,2,
79004,4,5,1680,6040,1,1,2200,3,,,
,,,,,2,0.6,,5,,,
,,,,,1,1,1100,3,,2,
,,,,,1,1,0.175,1,,2,
79005,5,5,1680,7720,1,1,2500,3,,,
,,,,,2,0.7,,5,,,
,,,,,1,1,1250,3,,2,
,,,,,1,1,0.1925,1,,2,
79006,6,5,1680,9400,1,1,2800,3,,,
,,,,,2,0.8,,5,,,
,,,,,1,1,1400,3,,2,
,,,,,1,1,0.21,1,,2,
80001,1,5,0,1000,1,1,0.105,1,,,
,,,,,1,3,0.105,1,,,
,,,,,1,40,0.2,1,,,
,,,,,1,1,0.0525,1,,4,
,,,,,1,3,0.0525,1,,4,
,,,,,1,40,0.1,1,,4,
80002,2,5,1680,2680,1,1,0.12,1,,,
,,,,,1,3,0.12,1,,,
,,,,,1,40,0.23,1,,,
,,,,,1,1,0.06,1,,4,
,,,,,1,3,0.06,1,,4,
,,,,,1,40,0.115,1,,4,
80003,3,5,1680,4360,1,1,0.135,1,,,
,,,,,1,3,0.135,1,,,
,,,,,1,40,0.26,1,,,
,,,,,1,1,0.0675,1,,4,
,,,,,1,3,0.0675,1,,4,
,,,,,1,40,0.13,1,,4,
80004,4,5,1680,6040,1,1,0.15,1,,,
,,,,,1,3,0.15,1,,,
,,,,,1,40,0.29,1,,,
,,,,,1,1,0.075,1,,4,
,,,,,1,3,0.075,1,,4,
,,,,,1,40,0.145,1,,4,
80005,5,5,1680,7720,1,1,0.165,1,,,
,,,,,1,3,0.165,1,,,
,,,,,1,40,0.32,1,,,
,,,,,1,1,0.0825,1,,4,
,,,,,1,3,0.0825,1,,4,
,,,,,1,40,0.16,1,,4,
80006,6,5,1680,9400,1,1,0.18,1,,,
,,,,,1,3,0.18,1,,,
,,,,,1,40,0.35,1,,,
,,,,,1,1,0.09,1,,4,
,,,,,1,3,0.09,1,,4,
,,,,,1,40,0.175,1,,4,
81001,1,5,0,1000,1,1,1300,3,,,
,,,,,1,32,0.14,1,,,
,,,,,1,1,650,3,,4,
,,,,,1,32,0.07,1,,4,
81002,2,5,1680,2680,1,1,1600,3,,,
,,,,,1,32,0.16,1,,,
,,,,,1,1,800,3,,4,
,,,,,1,32,0.08,1,,4,
81003,3,5,1680,4360,1,1,1900,3,,,
,,,,,1,32,0.18,1,,,
,,,,,1,1,950,3,,4,
,,,,,1,32,0.09,1,,4,
81004,4,5,1680,6040,1,1,2200,3,,,
,,,,,1,32,0.2,1,,,
,,,,,1,1,1100,3,,4,
,,,,,1,32,0.1,1,,4,
81005,5,5,1680,7720,1,1,2500,3,,,
,,,,,1,32,0.22,1,,,
,,,,,1,1,1250,3,,4,
,,,,,1,32,0.11,1,,4,
81006,6,5,1680,9400,1,1,2800,3,,,
,,,,,1,32,0.24,1,,,
,,,,,1,1,1400,3,,4,
,,,,,1,32,0.12,1,,4,
82001,1,5,0,1000,1,1,0.12,1,,,
,,,,,1,3,0.12,1,,,
,,,,,1,1,0.06,1,,3,
,,,,,1,3,0.06,1,,3,
82002,2,5,1680,2680,1,1,0.14,1,,,
,,,,,1,3,0.14,1,,,
,,,,,1,1,0.07,1,,3,
,,,,,1,3,0.07,1,,3,
82003,3,5,1680,4360,1,1,0.16,1,,,
,,,,,1,3,0.16,1,,,
,,,,,1,1,0.08,1,,3,
,,,,,1,3,0.08,1,,3,
82004,4,5,1680,6040,1,1,0.18,1,,,
,,,,,1,3,0.18,1,,,
,,,,,1,1,0.09,1,,3,
,,,,,1,3,0.09,1,,3,
82005,5,5,1680,7720,1,1,0.2,1,,,
,,,,,1,3,0.2,1,,,
,,,,,1,1,0.1,1,,3,
,,,,,1,3,0.1,1,,3,
82006,6,5,1680,9400,1,1,0.22,1,,,
,,,,,1,3,0.22,1,,,
,,,,,1,1,0.11,1,,3,
,,,,,1,3,0.11,1,,3,
83001,1,5,0,1000,1,1,1300,3,,,
,,,,,1,30,0.11,1,,,
,,,,,1,1,650,3,,3,
,,,,,1,30,0.055,1,,3,
83002,2,5,1680,2680,1,1,1600,3,,,
,,,,,1,30,0.12,1,,,
,,,,,1,1,800,3,,3,
,,,,,1,30,0.06,1,,3,
83003,3,5,1680,4360,1,1,1900,3,,,
,,,,,1,30,0.13,1,,,
,,,,,1,1,950,3,,3,
,,,,,1,30,0.065,1,,3,
83004,4,5,1680,6040,1,1,2200,3,,,
,,,,,1,30,0.14,1,,,
,,,,,1,1,1100,3,,3,
,,,,,1,30,0.07,1,,3,
83005,5,5,1680,7720,1,1,2500,3,,,
,,,,,1,30,0.15,1,,,
,,,,,1,1,1250,3,,3,
,,,,,1,30,0.075,1,,3,
83006,6,5,1680,9400,1,1,2800,3,,,
,,,,,1,30,0.16,1,,,
,,,,,1,1,1400,3,,3,
,,,,,1,30,0.08,1,,3,
84001,1,5,0,1000,1,3,38000,3,,,
,,,,,1,2,0.41,1,,,
,,,,,1,3,19000,3,,5,
,,,,,1,2,0.205,1,,5,
84002,2,5,1680,2680,1,3,43000,3,,,
,,,,,1,2,0.46,1,,,
,,,,,1,3,21500,3,,5,
,,,,,1,2,0.23,1,,5,
84003,3,5,1680,4360,1,3,48000,3,,,
,,,,,1,2,0.51,1,,,
,,,,,1,3,24000,3,,5,
,,,,,1,2,0.255,1,,5,
84004,4,5,1680,6040,1,3,53000,3,,,
,,,,,1,2,0.56,1,,,
,,,,,1,3,26500,3,,5,
,,,,,1,2,0.28,1,,5,
84005,5,5,1680,7720,1,3,58000,3,,,
,,,,,1,2,0.61,1,,,
,,,,,1,3,29000,3,,5,
,,,,,1,2,0.305,1,,5,
84006,6,5,1680,9400,1,3,63000,3,,,
,,,,,1,2,0.66,1,,,
,,,,,1,3,31500,3,,5,
,,,,,1,2,0.33,1,,5,
85001,1,5,0,1000,1,10,0.26,1,,,
,,,,,1,11,0.07,1,,,
,,,,,1,1,1300,3,,,
,,,,,1,10,0.13,1,,5,
,,,,,1,11,0.035,1,,5,
,,,,,1,1,650,3,,5,
85002,2,5,1680,2680,1,10,0.28,1,,,
,,,,,1,11,0.08,1,,,
,,,,,1,1,1600,3,,,
,,,,,1,10,0.14,1,,5,
,,,,,1,11,0.04,1,,5,
,,,,,1,1,800,3,,5,
85003,3,5,1680,4360,1,10,0.3,1,,,
,,,,,1,11,0.09,1,,,
,,,,,1,1,1900,3,,,
,,,,,1,10,0.15,1,,5,
,,,,,1,11,0.045,1,,5,
,,,,,1,1,950,3,,5,
85004,4,5,1680,6040,1,10,0.32,1,,,
,,,,,1,11,0.1,1,,,
,,,,,1,1,2200,3,,,
,,,,,1,10,0.16,1,,5,
,,,,,1,11,0.05,1,,5,
,,,,,1,1,1100,3,,5,
85005,5,5,1680,7720,1,10,0.34,1,,,
,,,,,1,11,0.11,1,,,
,,,,,1,1,2500,3,,,
,,,,,1,10,0.17,1,,5,
,,,,,1,11,0.055,1,,5,
,,,,,1,1,1250,3,,5,
85006,6,5,1680,9400,1,10,0.36,1,,,
,,,,,1,11,0.12,1,,,
,,,,,1,1,2800,3,,,
,,,,,1,10,0.18,1,,5,
,,,,,1,11,0.06,1,,5,
,,,,,1,1,1400,3,,5,
86001,1,5,0,1000,1,3,38000,3,,,
,,,,,1,3,0.245,1,,,
,,,,,1,3,19000,3,,6,
,,,,,1,3,0.1225,1,,6,
86002,2,5,1680,2680,1,3,43000,3,,,
,,,,,1,3,0.28,1,,,
,,,,,1,3,21500,3,,6,
,,,,,1,3,0.14,1,,6,
86003,3,5,1680,4360,1,3,48000,3,,,
,,,,,1,3,0.315,1,,,
,,,,,1,3,24000,3,,6,
,,,,,1,3,0.1575,1,,6,
86004,4,5,1680,6040,1,3,53000,3,,,
,,,,,1,3,0.35,1,,,
,,,,,1,3,26500,3,,6,
,,,,,1,3,0.175,1,,6,
86005,5,5,1680,7720,1,3,58000,3,,,
,,,,,1,3,0.385,1,,,
,,,,,1,3,29000,3,,6,
,,,,,1,3,0.1925,1,,6,
86006,6,5,1680,9400,1,3,63000,3,,,
,,,,,1,3,0.42,1,,,
,,,,,1,3,31500,3,,6,
,,,,,1,3,0.21,1,,6,
87001,1,5,0,1000,1,3,38000,3,,,
,,,,,1,41,0.07,1,,,
,,,,,1,3,19000,3,,6,
,,,,,1,41,0.035,1,,6,
87002,2,5,1680,2680,1,3,43000,3,,,
,,,,,1,41,0.08,1,,,
,,,,,1,3,21500,3,,6,
,,,,,1,41,0.04,1,,6,
87003,3,5,1680,4360,1,3,48000,3,,,
,,,,,1,41,0.09,1,,,
,,,,,1,3,24000,3,,6,
,,,,,1,41,0.045,1,,6,
87004,4,5,1680,6040,1,3,53000,3,,,
,,,,,1,41,0.1,1,,,
,,,,,1,3,26500,3,,6,
,,,,,1,41,0.05,1,,6,
87005,5,5,1680,7720,1,3,58000,3,,,
,,,,,1,41,0.11,1,,,
,,,,,1,3,29000,3,,6,
,,,,,1,41,0.055,1,,6,
87006,6,5,1680,9400,1,3,63000,3,,,
,,,,,1,41,0.12,1,,,
,,,,,1,3,31500,3,,6,
,,,,,1,41,0.06,1,,6,
88001,1,5,0,1000,1,11,0.26,1,,,
,,,,,1,10,0.07,1,,,
,,,,,1,1,1300,3,,,
,,,,,1,11,0.13,1,,1,
,,,,,1,10,0.035,1,,1,
,,,,,1,1,650,3,,1,
88002,2,5,1680,2680,1,11,0.28,1,,,
,,,,,1,10,0.08,1,,,
,,,,,1,1,1600,3,,,
,,,,,1,11,0.14,1,,1,
,,,,,1,10,0.04,1,,1,
,,,,,1,1,800,3,,1,
88003,3,5,1680,4360,1,11,0.3,1,,,
,,,,,1,10,0.09,1,,,
,,,,,1,1,1900,3,,,
,,,,,1,11,0.15,1,,1,
,,,,,1,10,0.045,1,,1,
,,,,,1,1,950,3,,1,
88004,4,5,1680,6040,1,11,0.32,1,,,
,,,,,1,10,0.1,1,,,
,,,,,1,1,2200,3,,,
,,,,,1,11,0.16,1,,1,
,,,,,1,10,0.05,1,,1,
,,,,,1,1,1100,3,,1,
88005,5,5,1680,7720,1,11,0.34,1,,,
,,,,,1,10,0.11,1,,,
,,,,,1,1,2500,3,,,
,,,,,1,11,0.17,1,,1,
,,,,,1,10,0.055,1,,1,
,,,,,1,1,1250,3,,1,
88006,6,5,1680,9400,1,11,0.36,1,,,
,,,,,1,10,0.12,1,,,
,,,,,1,1,2800,3,,,
,,,,,1,11,0.18,1,,1,
,,,,,1,10,0.06,1,,1,
,,,,,1,1,1400,3,,1,
89001,1,5,0,1000,1,4,42,3,,,
,,,,,1,31,0.105,1,,,
,,,,,1,50,50,3,,,
,,,,,1,4,25,3,,1,
,,,,,1,31,0.06,1,,1,
89002,2,5,1680,2680,1,4,50,3,,,
,,,,,1,31,0.12,1,,,
,,,,,1,50,50,3,,,
,,,,,1,4,33,3,,1,
,,,,,1,31,0.07,1,,1,
89003,3,5,1680,4360,1,4,58,3,,,
,,,,,1,31,0.135,1,,,
,,,,,1,50,50,3,,,
,,,,,1,4,41,3,,1,
,,,,,1,31,0.08,1,,1,
89004,4,5,1680,6040,1,4,66,3,,,
,,,,,1,31,0.15,1,,,
,,,,,1,50,50,3,,,
,,,,,1,4,49,3,,1,
,,,,,1,31,0.09,1,,1,
89005,5,5,1680,7720,1,4,74,3,,,
,,,,,1,31,0.165,1,,,
,,,,,1,50,50,3,,,
,,,,,1,4,57,3,,1,
,,,,,1,31,0.1,1,,1,
89006,6,5,1680,9400,1,4,82,3,,,
,,,,,1,31,0.18,1,,,
,,,,,1,50,50,3,,,
,,,,,1,4,65,3,,1,
,,,,,1,31,0.11,1,,1,
90001,1,5,0,1000,1,1,1300,3,,,
,,,,,1,1,0.245,1,,,
,,,,,1,1,650,3,,2,
,,,,,1,1,0.1225,1,,2,
90002,2,5,1680,2680,1,1,1600,3,,,
,,,,,1,1,0.28,1,,,
,,,,,1,1,800,3,,2,
,,,,,1,1,0.14,1,,2,
90003,3,5,1680,4360,1,1,1900,3,,,
,,,,,1,1,0.315,1,,,
,,,,,1,1,950,3,,2,
,,,,,1,1,0.1575,1,,2,
90004,4,5,1680,6040,1,1,2200,3,,,
,,,,,1,1,0.35,1,,,
,,,,,1,1,1100,3,,2,
,,,,,1,1,0.175,1,,2,
90005,5,5,1680,7720,1,1,2500,3,,,
,,,,,1,1,0.385,1,,,
,,,,,1,1,1250,3,,2,
,,,,,1,1,0.1925,1,,2,
90006,6,5,1680,9400,1,1,2800,3,,,
,,,,,1,1,0.42,1,,,
,,,,,1,1,1400,3,,2,
,,,,,1,1,0.21,1,,2,
91001,1,5,0,1000,1,1,1300,3,,,
,,,,,1,31,0.21,1,,,
,,,,,1,1,650,3,,2,
,,,,,1,31,0.105,1,,2,
91002,2,5,1680,2680,1,1,1600,3,,,
,,,,,1,31,0.24,1,,,
,,,,,1,1,800,3,,2,
,,,,,1,31,0.12,1,,2,
91003,3,5,1680,4360,1,1,1900,3,,,
,,,,,1,31,0.27,1,,,
,,,,,1,1,950,3,,2,
,,,,,1,31,0.135,1,,2,
91004,4,5,1680,6040,1,1,2200,3,,,
,,,,,1,31,0.3,1,,,
,,,,,1,1,1100,3,,2,
,,,,,1,31,0.15,1,,2,
91005,5,5,1680,7720,1,1,2500,3,,,
,,,,,1,31,0.33,1,,,
,,,,,1,1,1250,3,,2,
,,,,,1,31,0.165,1,,2,
91006,6,5,1680,9400,1,1,2800,3,,,
,,,,,1,31,0.36,1,,,
,,,,,1,1,1400,3,,2,
,,,,,1,31,0.18,1,,2,
92001,1,5,0,1000,1,1,1300,3,,,
,,,,,2,0.3,,1,,,
,,,,,1,1,650,3,,3,
,,,,,1,1,0.1225,1,,3,
92002,2,5,1680,2680,1,1,1600,3,,,
,,,,,2,0.4,,1,,,
,,,,,1,1,800,3,,3,
,,,,,1,1,0.14,1,,3,
92003,3,5,1680,4360,1,1,1900,3,,,
,,,,,2,0.5,,1,,,
,,,,,1,1,950,3,,3,
,,,,,1,1,0.1575,1,,3,
92004,4,5,1680,6040,1,1,2200,3,,,
,,,,,2,0.6,,1,,,
,,,,,1,1,1100,3,,3,
,,,,,1,1,0.175,1,,3,
92005,5,5,1680,7720,1,1,2500,3,,,
,,,,,2,0.7,,1,,,
,,,,,1,1,1250,3,,3,
,,,,,1,1,0.1925,1,,3,
92006,6,5,1680,9400,1,1,2800,3,,,
,,,,,2,0.8,,1,,,
,,,,,1,1,1400,3,,3,
,,,,,1,1,0.21,1,,3,
93001,1,5,0,1000,1,1,1300,3,,,
,,,,,2,0.3,,2,,,
,,,,,1,1,650,3,,3,
,,,,,1,1,0.1225,1,,3,
93002,2,5,1680,2680,1,1,1600,3,,,
,,,,,2,0.4,,2,,,
,,,,,1,1,800,3,,3,
,,,,,1,1,0.14,1,,3,
93003,3,5,1680,4360,1,1,1900,3,,,
,,,,,2,0.5,,2,,,
,,,,,1,1,950,3,,3,
,,,,,1,1,0.1575,1,,3,
93004,4,5,1680,6040,1,1,2200,3,,,
,,,,,2,0.6,,2,,,
,,,,,1,1,1100,3,,3,
,,,,,1,1,0.175,1,,3,
93005,5,5,1680,7720,1,1,2500,3,,,
,,,,,2,0.7,,2,,,
,,,,,1,1,1250,3,,3,
,,,,,1,1,0.1925,1,,3,
93006,6,5,1680,9400,1,1,2800,3,,,
,,,,,2,0.8,,2,,,
,,,,,1,1,1400,3,,3,
,,,,,1,1,0.21,1,,3,
94001,1,5,0,1000,1,1,1300,3,,,
,,,,,2,0.3,,3,,,
,,,,,1,1,650,3,,3,
,,,,,1,1,0.1225,1,,3,
94002,2,5,1680,2680,1,1,1600,3,,,
,,,,,2,0.4,,3,,,
,,,,,1,1,800,3,,3,
,,,,,1,1,0.14,1,,3,
94003,3,5,1680,4360,1,1,1900,3,,,
,,,,,2,0.5,,3,,,
,,,,,1,1,950,3,,3,
,,,,,1,1,0.1575,1,,3,
94004,4,5,1680,6040,1,1,2200,3,,,
,,,,,2,0.6,,3,,,
,,,,,1,1,1100,3,,3,
,,,,,1,1,0.175,1,,3,
94005,5,5,1680,7720,1,1,2500,3,,,
,,,,,2,0.7,,3,,,
,,,,,1,1,1250,3,,3,
,,,,,1,1,0.1925,1,,3,
94006,6,5,1680,9400,1,1,2800,3,,,
,,,,,2,0.8,,3,,,
,,,,,1,1,1400,3,,3,
,,,,,1,1,0.21,1,,3,
95001,1,5,0,1000,1,1,1300,3,,,
,,,,,2,0.3,,4,,,
,,,,,1,1,650,3,,3,
,,,,,1,1,0.1225,1,,3,
95002,2,5,1680,2680,1,1,1600,3,,,
,,,,,2,0.4,,4,,,
,,,,,1,1,800,3,,3,
,,,,,1,1,0.14,1,,3,
95003,3,5,1680,4360,1,1,1900,3,,,
,,,,,2,0.5,,4,,,
,,,,,1,1,950,3,,3,
,,,,,1,1,0.1575,1,,3,
95004,4,5,1680,6040,1,1,2200,3,,,
,,,,,2,0.6,,4,,,
,,,,,1,1,1100,3,,3,
,,,,,1,1,0.175,1,,3,
95005,5,5,1680,7720,1,1,2500,3,,,
,,,,,2,0.7,,4,,,
,,,,,1,1,1250,3,,3,
,,,,,1,1,0.1925,1,,3,
95006,6,5,1680,9400,1,1,2800,3,,,
,,,,,2,0.8,,4,,,
,,,,,1,1,1400,3,,3,
,,,,,1,1,0.21,1,,3,
96001,1,5,0,1000,1,1,1300,3,,,
,,,,,2,0.3,,5,,,
,,,,,1,1,650,3,,3,
,,,,,1,1,0.1225,1,,3,
96002,2,5,1680,2680,1,1,1600,3,,,
,,,,,2,0.4,,5,,,
,,,,,1,1,800,3,,3,
,,,,,1,1,0.14,1,,3,
96003,3,5,1680,4360,1,1,1900,3,,,
,,,,,2,0.5,,5,,,
,,,,,1,1,950,3,,3,
,,,,,1,1,0.1575,1,,3,
96004,4,5,1680,6040,1,1,2200,3,,,
,,,,,2,0.6,,5,,,
,,,,,1,1,1100,3,,3,
,,,,,1,1,0.175,1,,3,
96005,5,5,1680,7720,1,1,2500,3,,,
,,,,,2,0.7,,5,,,
,,,,,1,1,1250,3,,3,
,,,,,1,1,0.1925,1,,3,
96006,6,5,1680,9400,1,1,2800,3,,,
,,,,,2,0.8,,5,,,
,,,,,1,1,1400,3,,3,
,,,,,1,1,0.21,1,,3,
97001,1,5,0,1000,1,1,0.105,1,,,
,,,,,1,3,0.105,1,,,
,,,,,1,40,0.2,1,,,
,,,,,1,1,0.0525,1,,5,
,,,,,1,3,0.0525,1,,5,
,,,,,1,40,0.1,1,,5,
97002,2,5,1680,2680,1,1,0.12,1,,,
,,,,,1,3,0.12,1,,,
,,,,,1,40,0.23,1,,,
,,,,,1,1,0.06,1,,5,
,,,,,1,3,0.06,1,,5,
,,,,,1,40,0.115,1,,5,
97003,3,5,1680,4360,1,1,0.135,1,,,
,,,,,1,3,0.135,1,,,
,,,,,1,40,0.26,1,,,
,,,,,1,1,0.0675,1,,5,
,,,,,1,3,0.0675,1,,5,
,,,,,1,40,0.13,1,,5,
97004,4,5,1680,6040,1,1,0.15,1,,,
,,,,,1,3,0.15,1,,,
,,,,,1,40,0.29,1,,,
,,,,,1,1,0.075,1,,5,
,,,,,1,3,0.075,1,,5,
,,,,,1,40,0.145,1,,5,
97005,5,5,1680,7720,1,1,0.165,1,,,
,,,,,1,3,0.165,1,,,
,,,,,1,40,0.32,1,,,
,,,,,1,1,0.0825,1,,5,
,,,,,1,3,0.0825,1,,5,
,,,,,1,40,0.16,1,,5,
97006,6,5,1680,9400,1,1,0.18,1,,,
,,,,,1,3,0.18,1,,,
,,,,,1,40,0.35,1,,,
,,,,,1,1,0.09,1,,5,
,,,,,1,3,0.09,1,,5,
,,,,,1,40,0.175,1,,5,
98001,1,5,0,1000,1,1,1300,3,,,
,,,,,1,32,0.14,1,,,
,,,,,1,1,650,3,,5,
,,,,,1,32,0.07,1,,5,
98002,2,5,1680,2680,1,1,1600,3,,,
,,,,,1,32,0.16,1,,,
,,,,,1,1,800,3,,5,
,,,,,1,32,0.08,1,,5,
98003,3,5,1680,4360,1,1,1900,3,,,
,,,,,1,32,0.18,1,,,
,,,,,1,1,950,3,,5,
,,,,,1,32,0.09,1,,5,
98004,4,5,1680,6040,1,1,2200,3,,,
,,,,,1,32,0.2,1,,,
,,,,,1,1,1100,3,,5,
,,,,,1,32,0.1,1,,5,
98005,5,5,1680,7720,1,1,2500,3,,,
,,,,,1,32,0.22,1,,,
,,,,,1,1,1250,3,,5,
,,,,,1,32,0.11,1,,5,
98006,6,5,1680,9400,1,1,2800,3,,,
,,,,,1,32,0.24,1,,,
,,,,,1,1,1400,3,,5,
,,,,,1,32,0.12,1,,5,
99001,1,5,0,1000,1,1,0.12,1,,,
,,,,,1,3,0.12,1,,,
,,,,,1,1,0.06,1,,4,
,,,,,1,3,0.06,1,,4,
99002,2,5,1680,2680,1,1,0.14,1,,,
,,,,,1,3,0.14,1,,,
,,,,,1,1,0.07,1,,4,
,,,,,1,3,0.07,1,,4,
99003,3,5,1680,4360,1,1,0.16,1,,,
,,,,,1,3,0.16,1,,,
,,,,,1,1,0.08,1,,4,
,,,,,1,3,0.08,1,,4,
99004,4,5,1680,6040,1,1,0.18,1,,,
,,,,,1,3,0.18,1,,,
,,,,,1,1,0.09,1,,4,
,,,,,1,3,0.09,1,,4,
99005,5,5,1680,7720,1,1,0.2,1,,,
,,,,,1,3,0.2,1,,,
,,,,,1,1,0.1,1,,4,
,,,,,1,3,0.1,1,,4,
99006,6,5,1680,9400,1,1,0.22,1,,,
,,,,,1,3,0.22,1,,,
,,,,,1,1,0.11,1,,4,
,,,,,1,3,0.11,1,,4,
100001,1,5,0,1000,1,1,1300,3,,,
,,,,,1,30,0.11,1,,,
,,,,,1,1,650,3,,4,
,,,,,1,30,0.055,1,,4,
100002,2,5,1680,2680,1,1,1600,3,,,
,,,,,1,30,0.12,1,,,
,,,,,1,1,800,3,,4,
,,,,,1,30,0.06,1,,4,
100003,3,5,1680,4360,1,1,1900,3,,,
,,,,,1,30,0.13,1,,,
,,,,,1,1,950,3,,4,
,,,,,1,30,0.065,1,,4,
100004,4,5,1680,6040,1,1,2200,3,,,
,,,,,1,30,0.14,1,,,
,,,,,1,1,1100,3,,4,
,,,,,1,30,0.07,1,,4,
100005,5,5,1680,7720,1,1,2500,3,,,
,,,,,1,30,0.15,1,,,
,,,,,1,1,1250,3,,4,
,,,,,1,30,0.075,1,,4,
100006,6,5,1680,9400,1,1,2800,3,,,
,,,,,1,30,0.16,1,,,
,,,,,1,1,1400,3,,4,
,,,,,1,30,0.08,1,,4,
101001,1,5,0,1000,1,3,38000,3,,,
,,,,,1,2,0.41,1,,,
,,,,,1,3,19000,3,,6,
,,,,,1,2,0.205,1,,6,
101002,2,5,1680,2680,1,3,43000,3,,,
,,,,,1,2,0.46,1,,,
,,,,,1,3,21500,3,,6,
,,,,,1,2,0.23,1,,6,
101003,3,5,1680,4360,1,3,48000,3,,,
,,,,,1,2,0.51,1,,,
,,,,,1,3,24000,3,,6,
,,,,,1,2,0.255,1,,6,
101004,4,5,1680,6040,1,3,53000,3,,,
,,,,,1,2,0.56,1,,,
,,,,,1,3,26500,3,,6,
,,,,,1,2,0.28,1,,6,
101005,5,5,1680,7720,1,3,58000,3,,,
,,,,,1,2,0.61,1,,,
,,,,,1,3,29000,3,,6,
,,,,,1,2,0.305,1,,6,
101006,6,5,1680,9400,1,3,63000,3,,,
,,,,,1,2,0.66,1,,,
,,,,,1,3,31500,3,,6,
,,,,,1,2,0.33,1,,6,
102001,1,5,0,1000,1,10,0.26,1,,,
,,,,,1,11,0.07,1,,,
,,,,,1,1,1300,3,,,
,,,,,1,10,0.13,1,,6,
,,,,,1,11,0.035,1,,6,
,,,,,1,1,650,3,,6,
102002,2,5,1680,2680,1,10,0.28,1,,,
,,,,,1,11,0.08,1,,,
,,,,,1,1,1600,3,,,
,,,,,1,10,0.14,1,,6,
,,,,,1,11,0.04,1,,6,
,,,,,1,1,800,3,,6,
102003,3,5,1680,4360,1,10,0.3,1,,,
,,,,,1,11,0.09,1,,,
,,,,,1,1,1900,3,,,
,,,,,1,10,0.15,1,,6,
,,,,,1,11,0.045,1,,6,
,,,,,1,1,950,3,,6,
102004,4,5,1680,6040,1,10,0.32,1,,,
,,,,,1,11,0.1,1,,,
,,,,,1,1,2200,3,,,
,,,,,1,10,0.16,1,,6,
,,,,,1,11,0.05,1,,6,
,,,,,1,1,1100,3,,6,
102005,5,5,1680,7720,1,10,0.34,1,,,
,,,,,1,11,0.11,1,,,
,,,,,1,1,2500,3,,,
,,,,,1,10,0.17,1,,6,
,,,,,1,11,0.055,1,,6,
,,,,,1,1,1250,3,,6,
102006,6,5,1680,9400,1,10,0.36,1,,,
,,,,,1,11,0.12,1,,,
,,,,,1,1,2800,3,,,
,,,,,1,10,0.18,1,,6,
,,,,,1,11,0.06,1,,6,
,,,,,1,1,1400,3,,6,
103001,1,5,0,1000,1,3,38000,3,,,
,,,,,1,3,0.245,1,,,
,,,,,1,3,19000,3,,1,
,,,,,1,3,0.1225,1,,1,
103002,2,5,1680,2680,1,3,43000,3,,,
,,,,,1,3,0.28,1,,,
,,,,,1,3,21500,3,,1,
,,,,,1,3,0.14,1,,1,
103003,3,5,1680,4360,1,3,48000,3,,,
,,,,,1,3,0.315,1,,,
,,,,,1,3,24000,3,,1,
,,,,,1,3,0.1575,1,,1,
103004,4,5,1680,6040,1,3,53000,3,,,
,,,,,1,3,0.35,1,,,
,,,,,1,3,26500,3,,1,
,,,,,1,3,0.175,1,,1,
103005,5,5,1680,7720,1,3,58000,3,,,
,,,,,1,3,0.385,1,,,
,,,,,1,3,29000,3,,1,
,,,,,1,3,0.1925,1,,1,
103006,6,5,1680,9400,1,3,63000,3,,,
,,,,,1,3,0.42,1,,,
,,,,,1,3,31500,3,,1,
,,,,,1,3,0.21,1,,1,
104001,1,5,0,1000,1,3,38000,3,,,
,,,,,1,41,0.07,1,,,
,,,,,1,3,19000,3,,1,
,,,,,1,41,0.035,1,,1,
104002,2,5,1680,2680,1,3,43000,3,,,
,,,,,1,41,0.08,1,,,
,,,,,1,3,21500,3,,1,
,,,,,1,41,0.04,1,,1,
104003,3,5,1680,4360,1,3,48000,3,,,
,,,,,1,41,0.09,1,,,
,,,,,1,3,24000,3,,1,
,,,,,1,41,0.045,1,,1,
104004,4,5,1680,6040,1,3,53000,3,,,
,,,,,1,41,0.1,1,,,
,,,,,1,3,26500,3,,1,
,,,,,1,41,0.05,1,,1,
104005,5,5,1680,7720,1,3,58000,3,,,
,,,,,1,41,0.11,1,,,
,,,,,1,3,29000,3,,1,
,,,,,1,41,0.055,1,,1,
104006,6,5,1680,9400,1,3,63000,3,,,
,,,,,1,41,0.12,1,,,
,,,,,1,3,31500,3,,1,
,,,,,1,41,0.06,1,,1,
105001,1,5,0,1000,1,11,0.26,1,,,
,,,,,1,10,0.07,1,,,
,,,,,1,1,1300,3,,,
,,,,,1,11,0.13,1,,2,
,,,,,1,10,0.035,1,,2,
,,,,,1,1,650,3,,2,
105002,2,5,1680,2680,1,11,0.28,1,,,
,,,,,1,10,0.08,1,,,
,,,,,1,1,1600,3,,,
,,,,,1,11,0.14,1,,2,
,,,,,1,10,0.04,1,,2,
,,,,,1,1,800,3,,2,
105003,3,5,1680,4360,1,11,0.3,1,,,
,,,,,1,10,0.09,1,,,
,,,,,1,1,1900,3,,,
,,,,,1,11,0.15,1,,2,
,,,,,1,10,0.045,1,,2,
,,,,,1,1,950,3,,2,
105004,4,5,1680,6040,1,11,0.32,1,,,
,,,,,1,10,0.1,1,,,
,,,,,1,1,2200,3,,,
,,,,,1,11,0.16,1,,2,
,,,,,1,10,0.05,1,,2,
,,,,,1,1,1100,3,,2,
105005,5,5,1680,7720,1,11,0.34,1,,,
,,,,,1,10,0.11,1,,,
,,,,,1,1,2500,3,,,
,,,,,1,11,0.17,1,,2,
,,,,,1,10,0.055,1,,2,
,,,,,1,1,1250,3,,2,
105006,6,5,1680,9400,1,11,0.36,1,,,
,,,,,1,10,0.12,1,,,
,,,,,1,1,2800,3,,,
,,,,,1,11,0.18,1,,2,
,,,,,1,10,0.06,1,,2,
,,,,,1,1,1400,3,,2,
106001,1,5,0,1000,1,4,42,3,,,
,,,,,1,31,0.105,1,,,
,,,,,1,50,50,3,,,
,,,,,1,4,25,3,,2,
,,,,,1,31,0.06,1,,2,
106002,2,5,1680,2680,1,4,50,3,,,
,,,,,1,31,0.12,1,,,
,,,,,1,50,50,3,,,
,,,,,1,4,33,3,,2,
,,,,,1,31,0.07,1,,2,
106003,3,5,1680,4360,1,4,58,3,,,
,,,,,1,31,0.135,1,,,
,,,,,1,50,50,3,,,
,,,,,1,4,41,3,,2,
,,,,,1,31,0.08,1,,2,
106004,4,5,1680,6040,1,4,66,3,,,
,,,,,1,31,0.15,1,,,
,,,,,1,50,50,3,,,
,,,,,1,4,49,3,,2,
,,,,,1,31,0.09,1,,2,
106005,5,5,1680,7720,1,4,74,3,,,
,,,,,1,31,0.165,1,,,
,,,,,1,50,50,3,,,
,,,,,1,4,57,3,,2,
,,,,,1,31,0.1,1,,2,
106006,6,5,1680,9400,1,4,82,3,,,
,,,,,1,31,0.18,1,,,
,,,,,1,50,50,3,,,
,,,,,1,4,65,3,,2,
,,,,,1,31,0.11,1,,2,
107001,1,5,0,1000,1,1,1300,3,,,
,,,,,1,1,0.245,1,,,
,,,,,1,1,650,3,,3,
,,,,,1,1,0.1225,1,,3,
107002,2,5,1680,2680,1,1,1600,3,,,
,,,,,1,1,0.28,1,,,
,,,,,1,1,800,3,,3,
,,,,,1,1,0.14,1,,3,
107003,3,5,1680,4360,1,1,1900,3,,,
,,,,,1,1,0.315,1,,,
,,,,,1,1,950,3,,3,
,,,,,1,1,0.1575,1,,3,
107004,4,5,1680,6040,1,1,2200,3,,,
,,,,,1,1,0.35,1,,,
,,,,,1,1,1100,3,,3,
,,,,,1,1,0.175,1,,3,
107005,5,5,1680,7720,1,1,2500,3,,,
,,,,,1,1,0.385,1,,,
,,,,,1,1,1250,3,,3,
,,,,,1,1,0.1925,1,,3,
107006,6,5,1680,9400,1,1,2800,3,,,
,,,,,1,1,0.42,1,,,
,,,,,1,1,1400,3,,3,
,,,,,1,1,0.21,1,,3,
108001,1,5,0,1000,1,1,1300,3,,,
,,,,,1,31,0.21,1,,,
,,,,,1,1,650,3,,3,
,,,,,1,31,0.105,1,,3,
108002,2,5,1680,2680,1,1,1600,3,,,
,,,,,1,31,0.24,1,,,
,,,,,1,1,800,3,,3,
,,,,,1,31,0.12,1,,3,
108003,3,5,1680,4360,1,1,1900,3,,,
,,,,,1,31,0.27,1,,,
,,,,,1,1,950,3,,3,
,,,,,1,31,0.135,1,,3,
108004,4,5,1680,6040,1,1,2200,3,,,
,,,,,1,31,0.3,1,,,
,,,,,1,1,1100,3,,3,
,,,,,1,31,0.15,1,,3,
108005,5,5,1680,7720,1,1,2500,3,,,
,,,,,1,31,0.33,1,,,
,,,,,1,1,1250,3,,3,
,,,,,1,31,0.165,1,,3,
108006,6,5,1680,9400,1,1,2800,3,,,
,,,,,1,31,0.36,1,,,
,,,,,1,1,1400,3,,3,
,,,,,1,31,0.18,1,,3,
109001,1,5,0,1000,1,1,1300,3,,,
,,,,,2,0.3,,1,,,
,,,,,1,1,650,3,,4,
,,,,,1,1,0.1225,1,,4,
109002,2,5,1680,2680,1,1,1600,3,,,
,,,,,2,0.4,,1,,,
,,,,,1,1,800,3,,4,
,,,,,1,1,0.14,1,,4,
109003,3,5,1680,4360,1,1,1900,3,,,
,,,,,2,0.5,,1,,,
,,,,,1,1,950,3,,4,
,,,,,1,1,0.1575,1,,4,
109004,4,5,1680,6040,1,1,2200,3,,,
,,,,,2,0.6,,1,,,
,,,,,1,1,1100,3,,4,
,,,,,1,1,0.175,1,,4,
109005,5,5,1680,7720,1,1,2500,3,,,
,,,,,2,0.7,,1,,,
,,,,,1,1,1250,3,,4,
,,,,,1,1,0.1925,1,,4,
109006,6,5,1680,9400,1,1,2800,3,,,
,,,,,2,0.8,,1,,,
,,,,,1,1,1400,3,,4,
,,,,,1,1,0.21,1,,4,
110001,1,5,0,1000,1,1,1300,3,,,
,,,,,2,0.3,,2,,,
,,,,,1,1,650,3,,4,
,,,,,1,1,0.1225,1,,4,
110002,2,5,1680,2680,1,1,1600,3,,,
,,,,,2,0.4,,2,,,
,,,,,1,1,800,3,,4,
,,,,,1,1,0.14,1,,4,
110003,3,5,1680,4360,1,1,1900,3,,,
,,,,,2,0.5,,2,,,
,,,,,1,1,950,3,,4,
,,,,,1,1,0.1575,1,,4,
110004,4,5,1680,6040,1,1,2200,3,,,
,,,,,2,0.6,,2,,,
,,,,,1,1,1100,3,,4,
,,,,,1,1,0.175,1,,4,
110005,5,5,1680,7720,1,1,2500,3,,,
,,,,,2,0.7,,2,,,
,,,,,1,1,1250,3,,4,
,,,,,1,1,0.1925,1,,4,
110006,6,5,1680,9400,1,1,2800,3,,,
,,,,,2,0.8,,2,,,
,,,,,1,1,1400,3,,4,
,,,,,1,1,0.21,1,,4,
111001,1,5,0,1000,1,1,1300,3,,,
,,,,,2,0.3,,3,,,
,,,,,1,1,650,3,,4,
,,,,,1,1,0.1225,1,,4,
111002,2,5,1680,2680,1,1,1600,3,,,
,,,,,2,0.4,,3,,,
,,,,,1,1,800,3,,4,
,,,,,1,1,0.14,1,,4,
111003,3,5,1680,4360,1,1,1900,3,,,
,,,,,2,0.5,,3,,,
,,,,,1,1,950,3,,4,
,,,,,1,1,0.1575,1,,4,
111004,4,5,1680,6040,1,1,2200,3,,,
,,,,,2,0.6,,3,,,
,,,,,1,1,1100,3,,4,
,,,,,1,1,0.175,1,,4,
111005,5,5,1680,7720,1,1,2500,3,,,
,,,,,2,0.7,,3,,,
,,,,,1,1,1250,3,,4,
,,,,,1,1,0.1925,1,,4,
111006,6,5,1680,9400,1,1,2800,3,,,
,,,,,2,0.8,,3,,,
,,,,,1,1,1400,3,,4,
,,,,,1,1,0.21,1,,4,
112001,1,5,0,1000,1,1,1300,3,,,
,,,,,2,0.3,,4,,,
,,,,,1,1,650,3,,4,
,,,,,1,1,0.1225,1,,4,
112002,2,5,1680,2680,1,1,1600,3,,,
,,,,,2,0.4,,4,,,
,,,,,1,1,800,3,,4,
,,,,,1,1,0.14,1,,4,
112003,3,5,1680,4360,1,1,1900,3,,,
,,,,,2,0.5,,4,,,
,,,,,1,1,950,3,,4,
,,,,,1,1,0.1575,1,,4,
112004,4,5,1680,6040,1,1,2200,3,,,
,,,,,2,0.6,,4,,,
,,,,,1,1,1100,3,,4,
,,,,,1,1,0.175,1,,4,
112005,5,5,1680,7720,1,1,2500,3,,,
,,,,,2,0.7,,4,,,
,,,,,1,1,1250,3,,4,
,,,,,1,1,0.1925,1,,4,
112006,6,5,1680,9400,1,1,2800,3,,,
,,,,,2,0.8,,4,,,
,,,,,1,1,1400,3,,4,
,,,,,1,1,0.21,1,,4,
113001,1,5,0,1000,1,1,1300,3,,,
,,,,,2,0.3,,5,,,
,,,,,1,1,650,3,,4,
,,,,,1,1,0.1225,1,,4,
113002,2,5,1680,2680,1,1,1600,3,,,
,,,,,2,0.4,,5,,,
,,,,,1,1,800,3,,4,
,,,,,1,1,0.14,1,,4,
113003,3,5,1680,4360,1,1,1900,3,,,
,,,,,2,0.5,,5,,,
,,,,,1,1,950,3,,4,
,,,,,1,1,0.1575,1,,4,
113004,4,5,1680,6040,1,1,2200,3,,,
,,,,,2,0.6,,5,,,
,,,,,1,1,1100,3,,4,
,,,,,1,1,0.175,1,,4,
113005,5,5,1680,7720,1,1,2500,3,,,
,,,,,2,0.7,,5,,,
,,,,,1,1,1250,3,,4,
,,,,,1,1,0.1925,1,,4,
113006,6,5,1680,9400,1,1,2800,3,,,
,,,,,2,0.8,,5,,,
,,,,,1,1,1400,3,,4,
,,,,,1,1,0.21,1,,4,
114001,1,5,0,1000,1,1,0.105,1,,,
,,,,,1,3,0.105,1,,,
,,,,,1,40,0.2,1,,,
,,,,,1,1,0.0525,1,,6,
,,,,,1,3,0.0525,1,,6,
,,,,,1,40,0.1,1,,6,
114002,2,5,1680,2680,1,1,0.12,1,,,
,,,,,1,3,0.12,1,,,
,,,,,1,40,0.23,1,,,
,,,,,1,1,0.06,1,,6,
,,,,,1,3,0.06,1,,6,
,,,,,1,40,0.115,1,,6,
114003,3,5,1680,4360,1,1,0.135,1,,,
,,,,,1,3,0.135,1,,,
,,,,,1,40,0.26,1,,,
,,,,,1,1,0.0675,1,,6,
,,,,,1,3,0.0675,1,,6,
,,,,,1,40,0.13,1,,6,
114004,4,5,1680,6040,1,1,0.15,1,,,
,,,,,1,3,0.15,1,,,
,,,,,1,40,0.29,1,,,
,,,,,1,1,0.075,1,,6,
,,,,,1,3,0.075,1,,6,
,,,,,1,40,0.145,1,,6,
114005,5,5,1680,7720,1,1,0.165,1,,,
,,,,,1,3,0.165,1,,,
,,,,,1,40,0.32,1,,,
,,,,,1,1,0.0825,1,,6,
,,,,,1,3,0.0825,1,,6,
,,,,,1,40,0.16,1,,6,
114006,6,5,1680,9400,1,1,0.18,1,,,
,,,,,1,3,0.18,1,,,
,,,,,1,40,0.35,1,,,
,,,,,1,1,0.09,1,,6,
,,,,,1,3,0.09,1,,6,
,,,,,1,40,0.175,1,,6,
115001,1,5,0,1000,1,1,1300,3,,,
,,,,,1,32,0.14,1,,,
,,,,,1,1,650,3,,6,
,,,,,1,32,0.07,1,,6,
115002,2,5,1680,2680,1,1,1600,3,,,
,,,,,1,32,0.16,1,,,
,,,,,1,1,800,3,,6,
,,,,,1,32,0.08,1,,6,
115003,3,5,1680,4360,1,1,1900,3,,,
,,,,,1,32,0.18,1,,,
,,,,,1,1,950,3,,6,
,,,,,1,32,0.09,1,,6,
115004,4,5,1680,6040,1,1,2200,3,,,
,,,,,1,32,0.2,1,,,
,,,,,1,1,1100,3,,6,
,,,,,1,32,0.1,1,,6,
115005,5,5,1680,7720,1,1,2500,3,,,
,,,,,1,32,0.22,1,,,
,,,,,1,1,1250,3,,6,
,,,,,1,32,0.11,1,,6,
115006,6,5,1680,9400,1,1,2800,3,,,
,,,,,1,32,0.24,1,,,
,,,,,1,1,1400,3,,6,
,,,,,1,32,0.12,1,,6,
116001,1,5,0,1000,1,1,0.12,1,,,
,,,,,1,3,0.12,1,,,
,,,,,1,1,0.06,1,,5,
,,,,,1,3,0.06,1,,5,
116002,2,5,1680,2680,1,1,0.14,1,,,
,,,,,1,3,0.14,1,,,
,,,,,1,1,0.07,1,,5,
,,,,,1,3,0.07,1,,5,
116003,3,5,1680,4360,1,1,0.16,1,,,
,,,,,1,3,0.16,1,,,
,,,,,1,1,0.08,1,,5,
,,,,,1,3,0.08,1,,5,
116004,4,5,1680,6040,1,1,0.18,1,,,
,,,,,1,3,0.18,1,,,
,,,,,1,1,0.09,1,,5,
,,,,,1,3,0.09,1,,5,
116005,5,5,1680,7720,1,1,0.2,1,,,
,,,,,1,3,0.2,1,,,
,,,,,1,1,0.1,1,,5,
,,,,,1,3,0.1,1,,5,
116006,6,5,1680,9400,1,1,0.22,1,,,
,,,,,1,3,0.22,1,,,
,,,,,1,1,0.11,1,,5,
,,,,,1,3,0.11,1,,5,
117001,1,5,0,1000,1,1,1300,3,,,
,,,,,1,30,0.11,1,,,
,,,,,1,1,650,3,,5,
,,,,,1,30,0.055,1,,5,
117002,2,5,1680,2680,1,1,1600,3,,,
,,,,,1,30,0.12,1,,,
,,,,,1,1,800,3,,5,
,,,,,1,30,0.06,1,,5,
117003,3,5,1680,4360,1,1,1900,3,,,
,,,,,1,30,0.13,1,,,
,,,,,1,1,950,3,,5,
,,,,,1,30,0.065,1,,5,
117004,4,5,1680,6040,1,1,2200,3,,,
,,,,,1,30,0.14,1,,,
,,,,,1,1,1100,3,,5,
,,,,,1,30,0.07,1,,5,
117005,5,5,1680,7720,1,1,2500,3,,,
,,,,,1,30,0.15,1,,,
,,,,,1,1,1250,3,,5,
,,,,,1,30,0.075,1,,5,
117006,6,5,1680,9400,1,1,2800,3,,,
,,,,,1,30,0.16,1,,,
,,,,,1,1,1400,3,,5,
,,,,,1,30,0.08,1,,5,
118001,1,5,0,1000,1,3,38000,3,,,
,,,,,1,2,0.41,1,,,
,,,,,1,3,19000,3,,1,
,,,,,1,2,0.205,1,,1,
118002,2,5,1680,2680,1,3,43000,3,,,
,,,,,1,2,0.46,1,,,
,,,,,1,3,21500,3,,1,
,,,,,1,2,0.23,1,,1,
118003,3,5,1680,4360,1,3,48000,3,,,
,,,,,1,2,0.51,1,,,
,,,,,1,3,24000,3,,1,
,,,,,1,2,0.255,1,,1,
118004,4,5,1680,6040,1,3,53000,3,,,
,,,,,1,2,0.56,1,,,
,,,,,1,3,26500,3,,1,
,,,,,1,2,0.28,1,,1,
118005,5,5,1680,7720,1,3,58000,3,,,
,,,,,1,2,0.61,1,,,
,,,,,1,3,29000,3,,1,
,,,,,1,2,0.305,1,,1,
118006,6,5,1680,9400,1,3,63000,3,,,
,,,,,1,2,0.66,1,,,
,,,,,1,3,31500,3,,1,
,,,,,1,2,0.33,1,,1,
119001,1,5,0,1000,1,10,0.26,1,,,
,,,,,1,11,0.07,1,,,
,,,,,1,1,1300,3,,,
,,,,,1,10,0.13,1,,1,
,,,,,1,11,0.035,1,,1,
,,,,,1,1,650,3,,1,
119002,2,5,1680,2680,1,10,0.28,1,,,
,,,,,1,11,0.08,1,,,
,,,,,1,1,1600,3,,,
,,,,,1,10,0.14,1,,1,
,,,,,1,11,0.04,1,,1,
,,,,,1,1,800,3,,1,
119003,3,5,1680,4360,1,10,0.3,1,,,
,,,,,1,11,0.09,1,,,
,,,,,1,1,1900,3,,,
,,,,,1,10,0.15,1,,1,
,,,,,1,11,0.045,1,,1,
,,,,,1,1,950,3,,1,
119004,4,5,1680,6040,1,10,0.32,1,,,
,,,,,1,11,0.1,1,,,
,,,,,1,1,2200,3,,,
,,,,,1,10,0.16,1,,1,
,,,,,1,11,0.05,1,,1,
,,,,,1,1,1100,3,,1,
119005,5,5,1680,7720,1,10,0.34,1,,,
,,,,,1,11,0.11,1,,,
,,,,,1,1,2500,3,,,
,,,,,1,10,0.17,1,,1,
,,,,,1,11,0.055,1,,1,
,,,,,1,1,1250,3,,1,
119006,6,5,1680,9400,1,10,0.36,1,,,
,,,,,1,11,0.12,1,,,
,,,,,1,1,2800,3,,,
,,,,,1,10,0.18,1,,1,
,,,,,1,11,0.06,1,,1,
,,,,,1,1,1400,3,,1,
120001,1,5,0,1000,1,3,38000,3,,,
,,,,,1,3,0.245,1,,,
,,,,,1,3,19000,3,,2,
,,,,,1,3,0.1225,1,,2,
120002,2,5,1680,2680,1,3,43000,3,,,
,,,,,1,3,0.28,1,,,
,,,,,1,3,21500,3,,2,
,,,,,1,3,0.14,1,,2,
120003,3,5,1680,4360,1,3,48000,3,,,
,,,,,1,3,0.315,1,,,
,,,,,1,3,24000,3,,2,
,,,,,1,3,0.1575,1,,2,
120004,4,5,1680,6040,1,3,53000,3,,,
,,,,,1,3,0.35,1,,,
,,,,,1,3,26500,3,,2,
,,,,,1,3,0.175,1,,2,
120005,5,5,1680,7720,1,3,58000,3,,,
,,,,,1,3,0.385,1,,,
,,,,,1,3,29000,3,,2,
,,,,,1,3,0.1925,1,,2,
120006,6,5,1680,9400,1,3,63000,3,,,
,,,,,1,3,0.42,1,,,
,,,,,1,3,31500,3,,2,
,,,,,1,3,0.21,1,,2,
121001,1,5,0,1000,1,3,38000,3,,,
,,,,,1,41,0.07,1,,,
,,,,,1,3,19000,3,,2,
,,,,,1,41,0.035,1,,2,
121002,2,5,1680,2680,1,3,43000,3,,,
,,,,,1,41,0.08,1,,,
,,,,,1,3,21500,3,,2,
,,,,,1,41,0.04,1,,2,
121003,3,5,1680,4360,1,3,48000,3,,,
,,,,,1,41,0.09,1,,,
,,,,,1,3,24000,3,,2,
,,,,,1,41,0.045,1,,2,
121004,4,5,1680,6040,1,3,53000,3,,,
,,,,,1,41,0.1,1,,,
,,,,,1,3,26500,3,,2,
,,,,,1,41,0.05,1,,2,
121005,5,5,1680,7720,1,3,58000,3,,,
,,,,,1,41,0.11,1,,,
,,,,,1,3,29000,3,,2,
,,,,,1,41,0.055,1,,2,
121006,6,5,1680,9400,1,3,63000,3,,,
,,,,,1,41,0.12,1,,,
,,,,,1,3,31500,3,,2,
,,,,,1,41,0.06,1,,2,
122001,1,5,0,1000,1,11,0.26,1,,,
,,,,,1,10,0.07,1,,,
,,,,,1,1,1300,3,,,
,,,,,1,11,0.13,1,,3,
,,,,,1,10,0.035,1,,3,
,,,,,1,1,650,3,,3,
122002,2,5,1680,2680,1,11,0.28,1,,,
,,,,,1,10,0.08,1,,,
,,,,,1,1,1600,3,,,
,,,,,1,11,0.14,1,,3,
,,,,,1,10,0.04,1,,3,
,,,,,1,1,800,3,,3,
122003,3,5,1680,4360,1,11,0.3,1,,,
,,,,,1,10,0.09,1,,,
,,,,,1,1,1900,3,,,
,,,,,1,11,0.15,1,,3,
,,,,,1,10,0.045,1,,3,
,,,,,1,1,950,3,,3,
122004,4,5,1680,6040,1,11,0.32,1,,,
,,,,,1,10,0.1,1,,,
,,,,,1,1,2200,3,,,
,,,,,1,11,0.16,1,,3,
,,,,,1,10,0.05,1,,3,
,,,,,1,1,1100,3,,3,
122005,5,5,1680,7720,1,11,0.34,1,,,
,,,,,1,10,0.11,1,,,
,,,,,1,1,2500,3,,,
,,,,,1,11,0.17,1,,3,
,,,,,1,10,0.055,1,,3,
,,,,,1,1,1250,3,,3,
122006,6,5,1680,9400,1,11,0.36,1,,,
,,,,,1,10,0.12,1,,,
,,,,,1,1,2800,3,,,
,,,,,1,11,0.18,1,,3,
,,,,,1,10,0.06,1,,3,
,,,,,1,1,1400,3,,3,
123001,1,5,0,1000,1,4,42,3,,,
,,,,,1,31,0.105,1,,,
,,,,,1,50,50,3,,,
,,,,,1,4,25,3,,3,
,,,,,1,31,0.06,1,,3,
123002,2,5,1680,2680,1,4,50,3,,,
,,,,,1,31,0.12,1,,,
,,,,,1,50,50,3,,,
,,,,,1,4,33,3,,3,
,,,,,1,31,0.07,1,,3,
123003,3,5,1680,4360,1,4,58,3,,,
,,,,,1,31,0.135,1,,,
,,,,,1,50,50,3,,,
,,,,,1,4,41,3,,3,
,,,,,1,31,0.08,1,,3,
123004,4,5,1680,6040,1,4,66,3,,,
,,,,,1,31,0.15,1,,,
,,,,,1,50,50,3,,,
,,,,,1,4,49,3,,3,
,,,,,1,31,0.09,1,,3,
123005,5,5,1680,7720,1,4,74,3,,,
,,,,,1,31,0.165,1,,,
,,,,,1,50,50,3,,,
,,,,,1,4,57,3,,3,
,,,,,1,31,0.1,1,,3,
123006,6,5,1680,9400,1,4,82,3,,,
,,,,,1,31,0.18,1,,,
,,,,,1,50,50,3,,,
,,,,,1,4,65,3,,3,
,,,,,1,31,0.11,1,,3,
124001,1,5,0,1000,1,1,1300,3,,,
,,,,,1,1,0.245,1,,,
,,,,,1,1,650,3,,4,
,,,,,1,1,0.1225,1,,4,
124002,2,5,1680,2680,1,1,1600,3,,,
,,,,,1,1,0.28,1,,,
,,,,,1,1,800,3,,4,
,,,,,1,1,0.14,1,,4,
124003,3,5,1680,4360,1,1,1900,3,,,
,,,,,1,1,0.315,1,,,
,,,,,1,1,950,3,,4,
,,,,,1,1,0.1575,1,,4,
124004,4,5,1680,6040,1,1,2200,3,,,
,,,,,1,1,0.35,1,,,
,,,,,1,1,1100,3,,4,
,,,,,1,1,0.175,1,,4,
124005,5,5,1680,7720,1,1,2500,3,,,
,,,,,1,1,0.385,1,,,
,,,,,1,1,1250,3,,4,
,,,,,1,1,0.1925,1,,4,
124006,6,5,1680,9400,1,1,2800,3,,,
,,,,,1,1,0.42,1,,,
,,,,,1,1,1400,3,,4,
,,,,,1,1,0.21,1,,4,
125001,1,5,0,1000,1,1,1300,3,,,
,,,,,1,31,0.21,1,,,
,,,,,1,1,650,3,,4,
,,,,,1,31,0.105,1,,4,
125002,2,5,1680,2680,1,1,1600,3,,,
,,,,,1,31,0.24,1,,,
,,,,,1,1,800,3,,4,
,,,,,1,31,0.12,1,,4,
125003,3,5,1680,4360,1,1,1900,3,,,
,,,,,1,31,0.27,1,,,
,,,,,1,1,950,3,,4,
,,,,,1,31,0.135,1,,4,
125004,4,5,1680,6040,1,1,2200,3,,,
,,,,,1,31,0.3,1,,,
,,,,,1,1,1100,3,,4,
,,,,,1,31,0.15,1,,4,
125005,5,5,1680,7720,1,1,2500,3,,,
,,,,,1,31,0.33,1,,,
,,,,,1,1,1250,3,,4,
,,,,,1,31,0.165,1,,4,
125006,6,5,1680,9400,1,1,2800,3,,,
,,,,,1,31,0.36,1,,,
,,,,,1,1,1400,3,,4,
,,,,,1,31,0.18,1,,4,
126001,1,5,0,1000,1,1,1300,3,,,
,,,,,2,0.3,,1,,,
,,,,,1,1,650,3,,5,
,,,,,1,1,0.1225,1,,5,
126002,2,5,1680,2680,1,1,1600,3,,,
,,,,,2,0.4,,1,,,
,,,,,1,1,800,3,,5,
,,,,,1,1,0.14,1,,5,
126003,3,5,1680,4360,1,1,1900,3,,,
,,,,,2,0.5,,1,,,
,,,,,1,1,950,3,,5,
,,,,,1,1,0.1575,1,,5,
126004,4,5,1680,6040,1,1,2200,3,,,
,,,,,2,0.6,,1,,,
,,,,,1,1,1100,3,,5,
,,,,,1,1,0.175,1,,5,
126005,5,5,1680,7720,1,1,2500,3,,,
,,,,,2,0.7,,1,,,
,,,,,1,1,1250,3,,5,
,,,,,1,1,0.1925,1,,5,
126006,6,5,1680,9400,1,1,2800,3,,,
,,,,,2,0.8,,1,,,
,,,,,1,1,1400,3,,5,
,,,,,1,1,0.21,1,,5,
127001,1,5,0,1000,1,1,1300,3,,,
,,,,,2,0.3,,2,,,
,,,,,1,1,650,3,,5,
,,,,,1,1,0.1225,1,,5,
127002,2,5,1680,2680,1,1,1600,3,,,
,,,,,2,0.4,,2,,,
,,,,,1,1,800,3,,5,
,,,,,1,1,0.14,1,,5,
127003,3,5,1680,4360,1,1,1900,3,,,
,,,,,2,0.5,,2,,,
,,,,,1,1,950,3,,5,
,,,,,1,1,0.1575,1,,5,
127004,4,5,1680,6040,1,1,2200,3,,,
,,,,,2,0.6,,2,,,
,,,,,1,1,1100,3,,5,
,,,,,1,1,0.175,1,,5,
127005,5,5,1680,7720,1,1,2500,3,,,
,,,,,2,0.7,,2,,,
,,,,,1,1,1250,3,,5,
,,,,,1,1,0.1925,1,,5,
127006,6,5,1680,9400,1,1,2800,3,,,
,,,,,2,0.8,,2,,,
,,,,,1,1,1400,3,,5,
,,,,,1,1,0.21,1,,5,
128001,1,5,0,1000,1,1,1300,3,,,
,,,,,2,0.3,,3,,,
,,,,,1,1,650,3,,5,
,,,,,1,1,0.1225,1,,5,
128002,2,5,1680,2680,1,1,1600,3,,,
,,,,,2,0.4,,3,,,
,,,,,1,1,800,3,,5,
,,,,,1,1,0.14,1,,5,
128003,3,5,1680,4360,1,1,1900,3,,,
,,,,,2,0.5,,3,,,
,,,,,1,1,950,3,,5,
,,,,,1,1,0.1575,1,,5,
128004,4,5,1680,6040,1,1,2200,3,,,
,,,,,2,0.6,,3,,,
,,,,,1,1,1100,3,,5,
,,,,,1,1,0.175,1,,5,
128005,5,5,1680,7720,1,1,2500,3,,,
,,,,,2,0.7,,3,,,
,,,,,1,1,1250,3,,5,
,,,,,1,1,0.1925,1,,5,
128006,6,5,1680,9400,1,1,2800,3,,,
,,,,,2,0.8,,3,,,
,,,,,1,1,1400,3,,5,
,,,,,1,1,0.21,1,,5,
129001,1,5,0,1000,1,1,1300,3,,,
,,,,,2,0.3,,4,,,
,,,,,1,1,650,3,,5,
,,,,,1,1,0.1225,1,,5,
129002,2,5,1680,2680,1,1,1600,3,,,
,,,,,2,0.4,,4,,,
,,,,,1,1,800,3,,5,
,,,,,1,1,0.14,1,,5,
129003,3,5,1680,4360,1,1,1900,3,,,
,,,,,2,0.5,,4,,,
,,,,,1,1,950,3,,5,
,,,,,1,1,0.1575,1,,5,
129004,4,5,1680,6040,1,1,2200,3,,,
,,,,,2,0.6,,4,,,
,,,,,1,1,1100,3,,5,
,,,,,1,1,0.175,1,,5,
129005,5,5,1680,7720,1,1,2500,3,,,
,,,,,2,0.7,,4,,,
,,,,,1,1,1250,3,,5,
,,,,,1,1,0.1925,1,,5,
129006,6,5,1680,9400,1,1,2800,3,,,
,,,,,2,0.8,,4,,,
,,,,,1,1,1400,3,,5,
,,,,,1,1,0.21,1,,5,
130001,1,5,0,1000,1,1,1300,3,,,
,,,,,2,0.3,,5,,,
,,,,,1,1,650,3,,5,
,,,,,1,1,0.1225,1,,5,
130002,2,5,1680,2680,1,1,1600,3,,,
,,,,,2,0.4,,5,,,
,,,,,1,1,800,3,,5,
,,,,,1,1,0.14,1,,5,
130003,3,5,1680,4360,1,1,1900,3,,,
,,,,,2,0.5,,5,,,
,,,,,1,1,950,3,,5,
,,,,,1,1,0.1575,1,,5,
130004,4,5,1680,6040,1,1,2200,3,,,
,,,,,2,0.6,,5,,,
,,,,,1,1,1100,3,,5,
,,,,,1,1,0.175,1,,5,
130005,5,5,1680,7720,1,1,2500,3,,,
,,,,,2,0.7,,5,,,
,,,,,1,1,1250,3,,5,
,,,,,1,1,0.1925,1,,5,
130006,6,5,1680,9400,1,1,2800,3,,,
,,,,,2,0.8,,5,,,
,,,,,1,1,1400,3,,5,
,,,,,1,1,0.21,1,,5,
131001,1,5,0,1000,1,1,0.105,1,,,
,,,,,1,3,0.105,1,,,
,,,,,1,40,0.2,1,,,
,,,,,1,1,0.0525,1,,1,
,,,,,1,3,0.0525,1,,1,
,,,,,1,40,0.1,1,,1,
131002,2,5,1680,2680,1,1,0.12,1,,,
,,,,,1,3,0.12,1,,,
,,,,,1,40,0.23,1,,,
,,,,,1,1,0.06,1,,1,
,,,,,1,3,0.06,1,,1,
,,,,,1,40,0.115,1,,1,
131003,3,5,1680,4360,1,1,0.135,1,,,
,,,,,1,3,0.135,1,,,
,,,,,1,40,0.26,1,,,
,,,,,1,1,0.0675,1,,1,
,,,,,1,3,0.0675,1,,1,
,,,,,1,40,0.13,1,,1,
131004,4,5,1680,6040,1,1,0.15,1,,,
,,,,,1,3,0.15,1,,,
,,,,,1,40,0.29,1,,,
,,,,,1,1,0.075,1,,1,
,,,,,1,3,0.075,1,,1,
,,,,,1,40,0.145,1,,1,
131005,5,5,1680,7720,1,1,0.165,1,,,
,,,,,1,3,0.165,1,,,
,,,,,1,40,0.32,1,,,
,,,,,1,1,0.0825,1,,1,
,,,,,1,3,0.0825,1,,1,
,,,,,1,40,0.16,1,,1,
131006,6,5,1680,9400,1,1,0.18,1,,,
,,,,,1,3,0.18,1,,,
,,,,,1,40,0.35,1,,,
,,,,,1,1,0.09,1,,1,
,,,,,1,3,0.09,1,,1,
,,,,,1,40,0.175,1,,1,
132001,1,5,0,1000,1,1,1300,3,,,
,,,,,1,32,0.14,1,,,
,,,,,1,1,650,3,,1,
,,,,,1,32,0.07,1,,1,
132002,2,5,1680,2680,1,1,1600,3,,,
,,,,,1,32,0.16,1,,,
,,,,,1,1,800,3,,1,
,,,,,1,32,0.08,1,,1,
132003,3,5,1680,4360,1,1,1900,3,,,
,,,,,1,32,0.18,1,,,
,,,,,1,1,950,3,,1,
,,,,,1,32,0.09,1,,1,
132004,4,5,1680,6040,1,1,2200,3,,,
,,,,,1,32,0.2,1,,,
,,,,,1,1,1100,3,,1,
,,,,,1,32,0.1,1,,1,
132005,5,5,1680,7720,1,1,2500,3,,,
,,,,,1,32,0.22,1,,,
,,,,,1,1,1250,3,,1,
,,,,,1,32,0.11,1,,1,
132006,6,5,1680,9400,1,1,2800,3,,,
,,,,,1,32,0.24,1,,,
,,,,,1,1,1400,3,,1,
,,,,,1,32,0.12,1,,1,
133001,1,5,0,1000,1,1,0.12,1,,,
,,,,,1,3,0.12,1,,,
,,,,,1,1,0.06,1,,6,
,,,,,1,3,0.06,1,,6,
133002,2,5,1680,2680,1,1,0.14,1,,,
,,,,,1,3,0.14,1,,,
,,,,,1,1,0.07,1,,6,
,,,,,1,3,0.07,1,,6,
133003,3,5,1680,4360,1,1,0.16,1,,,
,,,,,1,3,0.16,1,,,
,,,,,1,1,0.08,1,,6,
,,,,,1,3,0.08,1,,6,
133004,4,5,1680,6040,1,1,0.18,1,,,
,,,,,1,3,0.18,1,,,
,,,,,1,1,0.09,1,,6,
,,,,,1,3,0.09,1,,6,
133005,5,5,1680,7720,1,1,0.2,1,,,
,,,,,1,3,0.2,1,,,
,,,,,1,1,0.1,1,,6,
,,,,,1,3,0.1,1,,6,
133006,6,5,1680,9400,1,1,0.22,1,,,
,,,,,1,3,0.22,1,,,
,,,,,1,1,0.11,1,,6,
,,,,,1,3,0.11,1,,6,
134001,1,5,0,1000,1,1,1300,3,,,
,,,,,1,30,0.11,1,,,
,,,,,1,1,650,3,,6,
,,,,,1,30,0.055,1,,6,
134002,2,5,1680,2680,1,1,1600,3,,,
,,,,,1,30,0.12,1,,,
,,,,,1,1,800,3,,6,
,,,,,1,30,0.06,1,,6,
134003,3,5,1680,4360,1,1,1900,3,,,
,,,,,1,30,0.13,1,,,
,,,,,1,1,950,3,,6,
,,,,,1,30,0.065,1,,6,
134004,4,5,1680,6040,1,1,2200,3,,,
,,,,,1,30,0.14,1,,,
,,,,,1,1,1100,3,,6,
,,,,,1,30,0.07,1,,6,
134005,5,5,1680,7720,1,1,2500,3,,,
,,,,,1,30,0.15,1,,,
,,,,,1,1,1250,3,,6,
,,,,,1,30,0.075,1,,6,
134006,6,5,1680,9400,1,1,2800,3,,,
,,,,,1,30,0.16,1,,,
,,,,,1,1,1400,3,,6,
,,,,,1,30,0.08,1,,6,
135001,1,5,0,1000,1,3,38000,3,,,
,,,,,1,2,0.41,1,,,
,,,,,1,3,19000,3,,2,
,,,,,1,2,0.205,1,,2,
135002,2,5,1680,2680,1,3,43000,3,,,
,,,,,1,2,0.46,1,,,
,,,,,1,3,21500,3,,2,
,,,,,1,2,0.23,1,,2,
135003,3,5,1680,4360,1,3,48000,3,,,
,,,,,1,2,0.51,1,,,
,,,,,1,3,24000,3,,2,
,,,,,1,2,0.255,1,,2,
135004,4,5,1680,6040,1,3,53000,3,,,
,,,,,1,2,0.56,1,,,
,,,,,1,3,26500,3,,2,
,,,,,1,2,0.28,1,,2,
135005,5,5,1680,7720,1,3,58000,3,,,
,,,,,1,2,0.61,1,,,
,,,,,1,3,29000,3,,2,
,,,,,1,2,0.305,1,,2,
135006,6,5,1680,9400,1,3,63000,3,,,
,,,,,1,2,0.66,1,,,
,,,,,1,3,31500,3,,2,
,,,,,1,2,0.33,1,,2,
136001,1,5,0,1000,1,10,0.26,1,,,
,,,,,1,11,0.07,1,,,
,,,,,1,1,1300,3,,,
,,,,,1,10,0.13,1,,2,
,,,,,1,11,0.035,1,,2,
,,,,,1,1,650,3,,2,
136002,2,5,1680,2680,1,10,0.28,1,,,
,,,,,1,11,0.08,1,,,
,,,,,1,1,1600,3,,,
,,,,,1,10,0.14,1,,2,
,,,,,1,11,0.04,1,,2,
,,,,,1,1,800,3,,2,
136003,3,5,1680,4360,1,10,0.3,1,,,
,,,,,1,11,0.09,1,,,
,,,,,1,1,1900,3,,,
,,,,,1,10,0.15,1,,2,
,,,,,1,11,0.045,1,,2,
,,,,,1,1,950,3,,2,
136004,4,5,1680,6040,1,10,0.32,1,,,
,,,,,1,11,0.1,1,,,
,,,,,1,1,2200,3,,,
,,,,,1,10,0.16,1,,2,
,,,,,1,11,0.05,1,,2,
,,,,,1,1,1100,3,,2,
136005,5,5,1680,7720,1,10,0.34,1,,,
,,,,,1,11,0.11,1,,,
,,,,,1,1,2500,3,,,
,,,,,1,10,0.17,1,,2,
,,,,,1,11,0.055,1,,2,
,,,,,1,1,1250,3,,2,
136006,6,5,1680,9400,1,10,0.36,1,,,
,,,,,1,11,0.12,1,,,
,,,,,1,1,2800,3,,,
,,,,,1,10,0.18,1,,2,
,,,,,1,11,0.06,1,,2,
,,,,,1,1,1400,3,,2,
137001,1,5,0,1000,1,3,38000,3,,,
,,,,,1,3,0.245,1,,,
,,,,,1,3,19000,3,,3,
,,,,,1,3,0.1225,1,,3,
137002,2,5,1680,2680,1,3,43000,3,,,
,,,,,1,3,0.28,1,,,
,,,,,1,3,21500,3,,3,
,,,,,1,3,0.14,1,,3,
137003,3,5,1680,4360,1,3,48000,3,,,
,,,,,1,3,0.315,1,,,
,,,,,1,3,24000,3,,3,
,,,,,1,3,0.1575,1,,3,
137004,4,5,1680,6040,1,3,53000,3,,,
,,,,,1,3,0.35,1,,,
,,,,,1,3,26500,3,,3,
,,,,,1,3,0.175,1,,3,
137005,5,5,1680,7720,1,3,58000,3,,,
,,,,,1,3,0.385,1,,,
,,,,,1,3,29000,3,,3,
,,,,,1,3,0.1925,1,,3,
137006,6,5,1680,9400,1,3,63000,3,,,
,,,,,1,3,0.42,1,,,
,,,,,1,3,31500,3,,3,
,,,,,1,3,0.21,1,,3,
138001,1,5,0,1000,1,3,38000,3,,,
,,,,,1,41,0.07,1,,,
,,,,,1,3,19000,3,,3,
,,,,,1,41,0.035,1,,3,
138002,2,5,1680,2680,1,3,43000,3,,,
,,,,,1,41,0.08,1,,,
,,,,,1,3,21500,3,,3,
,,,,,1,41,0.04,1,,3,
138003,3,5,1680,4360,1,3,48000,3,,,
,,,,,1,41,0.09,1,,,
,,,,,1,3,24000,3,,3,
,,,,,1,41,0.045,1,,3,
138004,4,5,1680,6040,1,3,53000,3,,,
,,,,,1,41,0.1,1,,,
,,,,,1,3,26500,3,,3,
,,,,,1,41,0.05,1,,3,
138005,5,5,1680,7720,1,3,58000,3,,,
,,,,,1,41,0.11,1,,,
,,,,,1,3,29000,3,,3,
,,,,,1,41,0.055,1,,3,
138006,6,5,1680,9400,1,3,63000,3,,,
,,,,,1,41,0.12,1,,,
,,,,,1,3,31500,3,,3,
,,,,,1,41,0.06,1,,3,
139001,1,5,0,1000,1,11,0.26,1,,,
,,,,,1,10,0.07,1,,,
,,,,,1,1,1300,3,,,
,,,,,1,11,0.13,1,,4,
,,,,,1,10,0.035,1,,4,
,,,,,1,1,650,3,,4,
139002,2,5,1680,2680,1,11,0.28,1,,,
,,,,,1,10,0.08,1,,,
,,,,,1,1,1600,3,,,
,,,,,1,11,0.14,1,,4,
,,,,,1,10,0.04,1,,4,
,,,,,1,1,800,3,,4,
139003,3,5,1680,4360,1,11,0.3,1,,,
,,,,,1,10,0.09,1,,,
,,,,,1,1,1900,3,,,
,,,,,1,11,0.15,1,,4,
,,,,,1,10,0.045,1,,4,
,,,,,1,1,950,3,,4,
139004,4,5,1680,6040,1,11,0.32,1,,,
,,,,,1,10,0.1,1,,,
,,,,,1,1,2200,3,,,
,,,,,1,11,0.16,1,,4,
,,,,,1,10,0.05,1,,4,
,,,,,1,1,1100,3,,4,
139005,5,5,1680,7720,1,11,0.34,1,,,
,,,,,1,10,0.11,1,,,
,,,,,1,1,2500,3,,,
,,,,,1,11,0.17,1,,4,
,,,,,1,10,0.055,1,,4,
,,,,,1,1,1250,3,,4,
139006,6,5,1680,9400,1,11,0.36,1,,,
,,,,,1,10,0.12,1,,,
,,,,,1,1,2800,3,,,
,,,,,1,11,0.18,1,,4,
,,,,,1,10,0.06,1,,4,
,,,,,1,1,1400,3,,4,
140001,1,5,0,1000,1,4,42,3,,,
,,,,,1,31,0.105,1,,,
,,,,,1,50,50,3,,,
,,,,,1,4,25,3,,4,
,,,,,1,31,0.06,1,,4,
140002,2,5,1680,2680,1,4,50,3,,,
,,,,,1,31,0.12,1,,,
,,,,,1,50,50,3,,,
,,,,,1,4,33,3,,4,
,,,,,1,31,0.07,1,,4,
140003,3,5,1680,4360,1,4,58,3,,,
,,,,,1,31,0.135,1,,,
,,,,,1,50,50,3,,,
,,,,,1,4,41,3,,4,
,,,,,1,31,0.08,1,,4,
140004,4,5,1680,6040,1,4,66,3,,,
,,,,,1,31,0.15,1,,,
,,,,,1,50,50,3,,,
,,,,,1,4,49,3,,4,
,,,,,1,31,0.09,1,,4,
140005,5,5,1680,7720,1,4,74,3,,,
,,,,,1,31,0.165,1,,,
,,,,,1,50,50,3,,,
,,,,,1,4,57,3,,4,
,,,,,1,31,0.1,1,,4,
140006,6,5,1680,9400,1,4,82,3,,,
,,,,,1,31,0.18,1,,,
,,,,,1,50,50,3,,,
,,,,,1,4,65,3,,4,
,,,,,1,31,0.11,1,,4,
141001,1,5,0,1000,1,1,1300,3,,,
,,,,,1,1,0.245,1,,,
,,,,,1,1,650,3,,5,
,,,,,1,1,0.1225,1,,5,
141002,2,5,1680,2680,1,1,1600,3,,,
,,,,,1,1,0.28,1,,,
,,,,,1,1,800,3,,5,
,,,,,1,1,0.14,1,,5,
141003,3,5,1680,4360,1,1,1900,3,,,
,,,,,1,1,0.315,1,,,
,,,,,1,1,950,3,,5,
,,,,,1,1,0.1575,1,,5,
141004,4,5,1680,6040,1,1,2200,3,,,
,,,,,1,1,0.35,1,,,
,,,,,1,1,1100,3,,5,
,,,,,1,1,0.175,1,,5,
141005,5,5,1680,7720,1,1,2500,3,,,
,,,,,1,1,0.385,1,,,
,,,,,1,1,1250,3,,5,
,,,,,1,1,0.1925,1,,5,
141006,6,5,1680,9400,1,1,2800,3,,,
,,,,,1,1,0.42,1,,,
,,,,,1,1,1400,3,,5,
,,,,,1,1,0.21,1,,5,
142001,1,5,0,1000,1,1,1300,3,,,
,,,,,1,31,0.21,1,,,
,,,,,1,1,650,3,,5,
,,,,,1,31,0.105,1,,5,
142002,2,5,1680,2680,1,1,1600,3,,,
,,,,,1,31,0.24,1,,,
,,,,,1,1,800,3,,5,
,,,,,1,31,0.12,1,,5,
142003,3,5,1680,4360,1,1,1900,3,,,
,,,,,1,31,0.27,1,,,
,,,,,1,1,950,3,,5,
,,,,,1,31,0.135,1,,5,
142004,4,5,1680,6040,1,1,2200,3,,,
,,,,,1,31,0.3,1,,,
,,,,,1,1,1100,3,,5,
,,,,,1,31,0.15,1,,5,
142005,5,5,1680,7720,1,1,2500,3,,,
,,,,,1,31,0.33,1,,,
,,,,,1,1,1250,3,,5,
,,,,,1,31,0.165,1,,5,
142006,6,5,1680,9400,1,1,2800,3,,,
,,,,,1,31,0.36,1,,,
,,,,,1,1,1400,3,,5,
,,,,,1,31,0.18,1,,5,
143001,1,5,0,1000,1,1,1300,3,,,
,,,,,2,0.3,,1,,,
,,,,,1,1,650,3,,6,
,,,,,1,1,0.1225,1,,6,
143002,2,5,1680,2680,1,1,1600,3,,,
,,,,,2,0.4,,1,,,
,,,,,1,1,800,3,,6,
,,,,,1,1,0.14,1,,6,
143003,3,5,1680,4360,1,1,1900,3,,,
,,,,,2,0.5,,1,,,
,,,,,1,1,950,3,,6,
,,,,,1,1,0.1575,1,,6,
143004,4,5,1680,6040,1,1,2200,3,,,
,,,,,2,0.6,,1,,,
,,,,,1,1,1100,3,,6,
,,,,,1,1,0.175,1,,6,
143005,5,5,1680,7720,1,1,2500,3,,,
,,,,,2,0.7,,1,,,
,,,,,1,1,1250,3,,6,
,,,,,1,1,0.1925,1,,6,
143006,6,5,1680,9400,1,1,2800,3,,,
,,,,,2,0.8,,1,,,
,,,,,1,1,1400,3,,6,
,,,,,1,1,0.21,1,,6,
144001,1,5,0,1000,1,1,1300,3,,,
,,,,,2,0.3,,2,,,
,,,,,1,1,650,3,,6,
,,,,,1,1,0.1225,1,,6,
144002,2,5,1680,2680,1,1,1600,3,,,
,,,,,2,0.4,,2,,,
,,,,,1,1,800,3,,6,
,,,,,1,1,0.14,1,,6,
144003,3,5,1680,4360,1,1,1900,3,,,
,,,,,2,0.5,,2,,,
,,,,,1,1,950,3,,6,
,,,,,1,1,0.1575,1,,6,
144004,4,5,1680,6040,1,1,2200,3,,,
,,,,,2,0.6,,2,,,
,,,,,1,1,1100,3,,6,
,,,,,1,1,0.175,1,,6,
144005,5,5,1680,7720,1,1,2500,3,,,
,,,,,2,0.7,,2,,,
,,,,,1,1,1250,3,,6,
,,,,,1,1,0.1925,1,,6,
144006,6,5,1680,9400,1,1,2800,3,,,
,,,,,2,0.8,,2,,,
,,,,,1,1,1400,3,,6,
,,,,,1,1,0.21,1,,6,
145001,1,5,0,1000,1,1,1300,3,,,
,,,,,2,0.3,,3,,,
,,,,,1,1,650,3,,6,
,,,,,1,1,0.1225,1,,6,
145002,2,5,1680,2680,1,1,1600,3,,,
,,,,,2,0.4,,3,,,
,,,,,1,1,800,3,,6,
,,,,,1,1,0.14,1,,6,
145003,3,5,1680,4360,1,1,1900,3,,,
,,,,,2,0.5,,3,,,
,,,,,1,1,950,3,,6,
,,,,,1,1,0.1575,1,,6,
145004,4,5,1680,6040,1,1,2200,3,,,
,,,,,2,0.6,,3,,,
,,,,,1,1,1100,3,,6,
,,,,,1,1,0.175,1,,6,
145005,5,5,1680,7720,1,1,2500,3,,,
,,,,,2,0.7,,3,,,
,,,,,1,1,1250,3,,6,
,,,,,1,1,0.1925,1,,6,
145006,6,5,1680,9400,1,1,2800,3,,,
,,,,,2,0.8,,3,,,
,,,,,1,1,1400,3,,6,
,,,,,1,1,0.21,1,,6,
146001,1,5,0,1000,1,1,1300,3,,,
,,,,,2,0.3,,4,,,
,,,,,1,1,650,3,,6,
,,,,,1,1,0.1225,1,,6,
146002,2,5,1680,2680,1,1,1600,3,,,
,,,,,2,0.4,,4,,,
,,,,,1,1,800,3,,6,
,,,,,1,1,0.14,1,,6,
146003,3,5,1680,4360,1,1,1900,3,,,
,,,,,2,0.5,,4,,,
,,,,,1,1,950,3,,6,
,,,,,1,1,0.1575,1,,6,
146004,4,5,1680,6040,1,1,2200,3,,,
,,,,,2,0.6,,4,,,
,,,,,1,1,1100,3,,6,
,,,,,1,1,0.175,1,,6,
146005,5,5,1680,7720,1,1,2500,3,,,
,,,,,2,0.7,,4,,,
,,,,,1,1,1250,3,,6,
,,,,,1,1,0.1925,1,,6,
146006,6,5,1680,9400,1,1,2800,3,,,
,,,,,2,0.8,,4,,,
,,,,,1,1,1400,3,,6,
,,,,,1,1,0.21,1,,6,
147001,1,5,0,1000,1,1,1300,3,,,
,,,,,2,0.3,,5,,,
,,,,,1,1,650,3,,6,
,,,,,1,1,0.1225,1,,6,
147002,2,5,1680,2680,1,1,1600,3,,,
,,,,,2,0.4,,5,,,
,,,,,1,1,800,3,,6,
,,,,,1,1,0.14,1,,6,
147003,3,5,1680,4360,1,1,1900,3,,,
,,,,,2,0.5,,5,,,
,,,,,1,1,950,3,,6,
,,,,,1,1,0.1575,1,,6,
147004,4,5,1680,6040,1,1,2200,3,,,
,,,,,2,0.6,,5,,,
,,,,,1,1,1100,3,,6,
,,,,,1,1,0.175,1,,6,
147005,5,5,1680,7720,1,1,2500,3,,,
,,,,,2,0.7,,5,,,
,,,,,1,1,1250,3,,6,
,,,,,1,1,0.1925,1,,6,
147006,6,5,1680,9400,1,1,2800,3,,,
,,,,,2,0.8,,5,,,
,,,,,1,1,1400,3,,6,
,,,,,1,1,0.21,1,,6,
148001,1,4,0,150,1,41,0.045,1,,,
,,,,,1,3,9240,3,,,
148002,2,4,580,730,1,41,0.055,1,,,
,,,,,1,3,11880,3,,,
148003,3,4,580,1310,1,41,0.065,1,,,
,,,,,1,3,14520,3,,,
148004,4,4,580,1890,1,41,0.075,1,,,
,,,,,1,3,17160,3,,,
148005,5,4,580,2470,1,41,0.085,1,,,
,,,,,1,3,19800,3,,,
149001,1,4,0,150,1,1,0.117,1,,,
,,,,,1,3,0.117,1,,,
149002,2,4,580,730,1,1,0.129,1,,,
,,,,,1,3,0.129,1,,,
149003,3,4,580,1310,1,1,0.141,1,,,
,,,,,1,3,0.141,1,,,
149004,4,4,580,1890,1,1,0.153,1,,,
,,,,,1,3,0.153,1,,,
149005,5,4,580,2470,1,1,0.165,1,,,
,,,,,1,3,0.165,1,,,
150001,1,5,0,1000,1,1,1300,3,,,
,,,,,1,1,0.245,1,,,
150002,2,5,1680,2680,1,1,1600,3,,,
,,,,,1,1,0.28,1,,,
150003,3,5,1680,4360,1,1,1900,3,,,
,,,,,1,1,0.315,1,,,
150004,4,5,1680,6040,1,1,2200,3,,,
,,,,,1,1,0.35,1,,,
150005,5,5,1680,7720,1,1,2500,3,,,
,,,,,1,1,0.385,1,,,
150006,6,5,1680,9400,1,1,2800,3,,,
,,,,,1,1,0.42,1,,,
151001,1,5,0,1000,1,1,0.205,1,,,
,,,,,1,3,0.205,1,,,
151002,2,5,1680,2680,1,1,0.23,1,,,
,,,,,1,3,0.23,1,,,
151003,3,5,1680,4360,1,1,0.255,1,,,
,,,,,1,3,0.255,1,,,
151004,4,5,1680,6040,1,1,0.28,1,,,
,,,,,1,3,0.28,1,,,
151005,5,5,1680,7720,1,1,0.305,1,,,
,,,,,1,3,0.305,1,,,
151006,6,5,1680,9400,1,1,0.33,1,,,
,,,,,1,3,0.33,1,,,
152001,1,5,0,1000,1,1,1300,3,,,
,,,,,1,32,0.14,1,,,
152002,2,5,1680,2680,1,1,1600,3,,,
,,,,,1,32,0.16,1,,,
152003,3,5,1680,4360,1,1,1900,3,,,
,,,,,1,32,0.18,1,,,
152004,4,5,1680,6040,1,1,2200,3,,,
,,,,,1,32,0.2,1,,,
152005,5,5,1680,7720,1,1,2500,3,,,
,,,,,1,32,0.22,1,,,
152006,6,5,1680,9400,1,1,2800,3,,,
,,,,,1,32,0.24,1,,,
153001,1,5,0,1000,1,1,1300,3,,,
,,,,,1,11,0.26,1,,,
,,,,,1,10,0.07,1,,,
153002,2,5,1680,2680,1,1,1600,3,,,
,,,,,1,11,0.28,1,,,
,,,,,1,10,0.08,1,,,
153003,3,5,1680,4360,1,1,1900,3,,,
,,,,,1,11,0.3,1,,,
,,,,,1,10,0.09,1,,,
153004,4,5,1680,6040,1,1,2200,3,,,
,,,,,1,11,0.32,1,,,
,,,,,1,10,0.1,1,,,
153005,5,5,1680,7720,1,1,2500,3,,,
,,,,,1,11,0.34,1,,,
,,,,,1,10,0.11,1,,,
153006,6,5,1680,9400,1,1,2800,3,,,
,,,,,1,11,0.36,1,,,
,,,,,1,10,0.12,1,,,
154001,1,5,0,1000,1,1,1300,3,,,
,,,,,1,30,0.11,1,,,
154002,2,5,1680,2680,1,1,1600,3,,,
,,,,,1,30,0.12,1,,,
154003,3,5,1680,4360,1,1,1900,3,,,
,,,,,1,30,0.13,1,,,
154004,4,5,1680,6040,1,1,2200,3,,,
,,,,,1,30,0.14,1,,,
154005,5,5,1680,7720,1,1,2500,3,,,
,,,,,1,30,0.15,1,,,
154006,6,5,1680,9400,1,1,2800,3,,,
,,,,,1,30,0.16,1,,,
155001,1,5,0,1000,1,1,0.105,1,,,
,,,,,1,3,0.105,1,,,
,,,,,1,40,0.2,1,,,
155002,2,5,1680,2680,1,1,0.12,1,,,
,,,,,1,3,0.12,1,,,
,,,,,1,40,0.23,1,,,
155003,3,5,1680,4360,1,1,0.135,1,,,
,,,,,1,3,0.135,1,,,
,,,,,1,40,0.26,1,,,
155004,4,5,1680,6040,1,1,0.15,1,,,
,,,,,1,3,0.15,1,,,
,,,,,1,40,0.29,1,,,
155005,5,5,1680,7720,1,1,0.165,1,,,
,,,,,1,3,0.165,1,,,
,,,,,1,40,0.32,1,,,
155006,6,5,1680,9400,1,1,0.18,1,,,
,,,,,1,3,0.18,1,,,
,,,,,1,40,0.35,1,,,
